-- phpMyAdmin SQL Dump
-- version 5.2.1
-- https://www.phpmyadmin.net/
--
-- Host: 127.0.0.1
-- Tempo de geração: 26/06/2026 às 23:18
-- Versão do servidor: 10.4.32-MariaDB
-- Versão do PHP: 8.2.12

SET SQL_MODE = "NO_AUTO_VALUE_ON_ZERO";
START TRANSACTION;
SET time_zone = "+00:00";


/*!40101 SET @OLD_CHARACTER_SET_CLIENT=@@CHARACTER_SET_CLIENT */;
/*!40101 SET @OLD_CHARACTER_SET_RESULTS=@@CHARACTER_SET_RESULTS */;
/*!40101 SET @OLD_COLLATION_CONNECTION=@@COLLATION_CONNECTION */;
/*!40101 SET NAMES utf8mb4 */;

--
-- Banco de dados: `escola`
--

-- --------------------------------------------------------

--
-- Estrutura para tabela `alunos`
--

CREATE TABLE `alunos` (
  `id_alunos` int(11) NOT NULL,
  `nome` varchar(120) NOT NULL,
  `data_nascimento` date DEFAULT NULL,
  `cpf` char(11) DEFAULT NULL,
  `telefone` char(14) DEFAULT NULL,
  `email` varchar(120) DEFAULT NULL,
  `endereco` varchar(150) DEFAULT NULL
) ENGINE=InnoDB DEFAULT CHARSET=utf8mb4 COLLATE=utf8mb4_general_ci;

--
-- Despejando dados para a tabela `alunos`
--

INSERT INTO `alunos` (`id_alunos`, `nome`, `data_nascimento`, `cpf`, `telefone`, `email`, `endereco`) VALUES
(1, 'bicalho', '2008-01-01', '00000000001', '11990000001', 'juanmanuel@example.com', 'Rua 1, Centro'),
(2, 'Aluno 2', '2008-01-02', '00000000002', '11990000002', 'aluno2@email.com', 'Rua 2, Centro'),
(3, 'Aluno 3', '2008-01-03', '00000000003', '11990000003', 'aluno3@email.com', 'Rua 3, Centro'),
(4, 'Aluno 4', '2008-01-04', '00000000004', '11990000004', 'aluno4@email.com', 'Rua 4, Centro'),
(5, 'Aluno 5', '2008-01-05', '00000000005', '11990000005', 'aluno5@email.com', 'Rua 5, Centro'),
(6, 'Aluno 6', '2008-01-06', '00000000006', '11990000006', 'aluno6@email.com', 'Rua 6, Centro'),
(7, 'Aluno 7', '2008-01-07', '00000000007', '11990000007', 'aluno7@email.com', 'Rua 7, Centro'),
(8, 'Aluno 8', '2008-01-08', '00000000008', '11990000008', 'aluno8@email.com', 'Rua 8, Centro'),
(9, 'Aluno 9', '2008-01-09', '00000000009', '11990000009', 'aluno9@email.com', 'Rua 9, Centro'),
(10, 'Aluno 10', '2008-01-10', '00000000010', '11990000010', 'aluno10@email.com', 'Rua 10, Centro'),
(11, 'Aluno 11', '2008-01-11', '00000000011', '11990000011', 'aluno11@email.com', 'Rua 11, Centro'),
(12, 'Aluno 12', '2008-01-12', '00000000012', '11990000012', 'aluno12@email.com', 'Rua 12, Centro'),
(13, 'Aluno 13', '2008-01-13', '00000000013', '11990000013', 'aluno13@email.com', 'Rua 13, Centro'),
(14, 'Aluno 14', '2008-01-14', '00000000014', '11990000014', 'aluno14@email.com', 'Rua 14, Centro'),
(15, 'Aluno 15', '2008-01-15', '00000000015', '11990000015', 'aluno15@email.com', 'Rua 15, Centro'),
(16, 'Aluno 16', '2008-01-16', '00000000016', '11990000016', 'aluno16@email.com', 'Rua 16, Centro'),
(17, 'Aluno 17', '2008-01-17', '00000000017', '11990000017', 'aluno17@email.com', 'Rua 17, Centro'),
(18, 'Aluno 18', '2008-01-18', '00000000018', '11990000018', 'aluno18@email.com', 'Rua 18, Centro'),
(19, 'Aluno 19', '2008-01-19', '00000000019', '11990000019', 'aluno19@email.com', 'Rua 19, Centro'),
(20, 'Aluno 20', '2008-01-20', '00000000020', '11990000020', 'aluno20@email.com', 'Rua 20, Centro'),
(21, 'Aluno 21', '2008-01-21', '00000000021', '11990000021', 'aluno21@email.com', 'Rua 21, Centro'),
(22, 'Aluno 22', '2008-01-22', '00000000022', '11990000022', 'aluno22@email.com', 'Rua 22, Centro'),
(23, 'Aluno 23', '2008-01-23', '00000000023', '11990000023', 'aluno23@email.com', 'Rua 23, Centro'),
(24, 'Aluno 24', '2008-01-24', '00000000024', '11990000024', 'aluno24@email.com', 'Rua 24, Centro'),
(25, 'Aluno 25', '2008-01-25', '00000000025', '11990000025', 'aluno25@email.com', 'Rua 25, Centro'),
(26, 'Aluno 26', '2008-01-26', '00000000026', '11990000026', 'aluno26@email.com', 'Rua 26, Centro'),
(27, 'Aluno 27', '2008-01-27', '00000000027', '11990000027', 'aluno27@email.com', 'Rua 27, Centro'),
(28, 'Aluno 28', '2008-01-28', '00000000028', '11990000028', 'aluno28@email.com', 'Rua 28, Centro'),
(29, 'Aluno 29', '2008-01-01', '00000000029', '11990000029', 'aluno29@email.com', 'Rua 29, Centro'),
(30, 'Aluno 30', '2008-01-02', '00000000030', '11990000030', 'aluno30@email.com', 'Rua 30, Centro'),
(31, 'Aluno 31', '2008-01-03', '00000000031', '11990000031', 'aluno31@email.com', 'Rua 31, Centro'),
(32, 'Aluno 32', '2008-01-04', '00000000032', '11990000032', 'aluno32@email.com', 'Rua 32, Centro'),
(33, 'Aluno 33', '2008-01-05', '00000000033', '11990000033', 'aluno33@email.com', 'Rua 33, Centro'),
(34, 'Aluno 34', '2008-01-06', '00000000034', '11990000034', 'aluno34@email.com', 'Rua 34, Centro'),
(35, 'Aluno 35', '2008-01-07', '00000000035', '11990000035', 'aluno35@email.com', 'Rua 35, Centro'),
(36, 'Aluno 36', '2008-01-08', '00000000036', '11990000036', 'aluno36@email.com', 'Rua 36, Centro'),
(37, 'Aluno 37', '2008-01-09', '00000000037', '11990000037', 'aluno37@email.com', 'Rua 37, Centro'),
(38, 'Aluno 38', '2008-01-10', '00000000038', '11990000038', 'aluno38@email.com', 'Rua 38, Centro'),
(39, 'Aluno 39', '2008-01-11', '00000000039', '11990000039', 'aluno39@email.com', 'Rua 39, Centro'),
(40, 'Aluno 40', '2008-01-12', '00000000040', '11990000040', 'aluno40@email.com', 'Rua 40, Centro'),
(41, 'Aluno 41', '2008-01-13', '00000000041', '11990000041', 'aluno41@email.com', 'Rua 41, Centro'),
(42, 'Aluno 42', '2008-01-14', '00000000042', '11990000042', 'aluno42@email.com', 'Rua 42, Centro'),
(43, 'Aluno 43', '2008-01-15', '00000000043', '11990000043', 'aluno43@email.com', 'Rua 43, Centro'),
(44, 'Aluno 44', '2008-01-16', '00000000044', '11990000044', 'aluno44@email.com', 'Rua 44, Centro'),
(45, 'Aluno 45', '2008-01-17', '00000000045', '11990000045', 'aluno45@email.com', 'Rua 45, Centro'),
(46, 'Aluno 46', '2008-01-18', '00000000046', '11990000046', 'aluno46@email.com', 'Rua 46, Centro'),
(47, 'Aluno 47', '2008-01-19', '00000000047', '11990000047', 'aluno47@email.com', 'Rua 47, Centro'),
(48, 'Aluno 48', '2008-01-20', '00000000048', '11990000048', 'aluno48@email.com', 'Rua 48, Centro'),
(49, 'Aluno 49', '2008-01-21', '00000000049', '11990000049', 'aluno49@email.com', 'Rua 49, Centro'),
(50, 'Aluno 50', '2008-01-22', '00000000050', '11990000050', 'aluno50@email.com', 'Rua 50, Centro'),
(51, 'Aluno 51', '2008-01-23', '00000000051', '11990000051', 'aluno51@email.com', 'Rua 51, Centro'),
(52, 'Aluno 52', '2008-01-24', '00000000052', '11990000052', 'aluno52@email.com', 'Rua 52, Centro'),
(53, 'Aluno 53', '2008-01-25', '00000000053', '11990000053', 'aluno53@email.com', 'Rua 53, Centro'),
(54, 'Aluno 54', '2008-01-26', '00000000054', '11990000054', 'aluno54@email.com', 'Rua 54, Centro'),
(55, 'Aluno 55', '2008-01-27', '00000000055', '11990000055', 'aluno55@email.com', 'Rua 55, Centro'),
(56, 'Aluno 56', '2008-01-28', '00000000056', '11990000056', 'aluno56@email.com', 'Rua 56, Centro'),
(57, 'Aluno 57', '2008-01-01', '00000000057', '11990000057', 'aluno57@email.com', 'Rua 57, Centro'),
(58, 'Aluno 58', '2008-01-02', '00000000058', '11990000058', 'aluno58@email.com', 'Rua 58, Centro'),
(59, 'Aluno 59', '2008-01-03', '00000000059', '11990000059', 'aluno59@email.com', 'Rua 59, Centro'),
(60, 'Aluno 60', '2008-01-04', '00000000060', '11990000060', 'aluno60@email.com', 'Rua 60, Centro'),
(61, 'Aluno 61', '2008-01-05', '00000000061', '11990000061', 'aluno61@email.com', 'Rua 61, Centro'),
(62, 'Aluno 62', '2008-01-06', '00000000062', '11990000062', 'aluno62@email.com', 'Rua 62, Centro'),
(63, 'Aluno 63', '2008-01-07', '00000000063', '11990000063', 'aluno63@email.com', 'Rua 63, Centro'),
(64, 'Aluno 64', '2008-01-08', '00000000064', '11990000064', 'aluno64@email.com', 'Rua 64, Centro'),
(65, 'Aluno 65', '2008-01-09', '00000000065', '11990000065', 'aluno65@email.com', 'Rua 65, Centro'),
(66, 'Aluno 66', '2008-01-10', '00000000066', '11990000066', 'aluno66@email.com', 'Rua 66, Centro'),
(67, 'Aluno 67', '2008-01-11', '00000000067', '11990000067', 'aluno67@email.com', 'Rua 67, Centro'),
(68, 'Aluno 68', '2008-01-12', '00000000068', '11990000068', 'aluno68@email.com', 'Rua 68, Centro'),
(69, 'Aluno 69', '2008-01-13', '00000000069', '11990000069', 'aluno69@email.com', 'Rua 69, Centro'),
(70, 'Aluno 70', '2008-01-14', '00000000070', '11990000070', 'aluno70@email.com', 'Rua 70, Centro'),
(71, 'Aluno 71', '2008-01-15', '00000000071', '11990000071', 'aluno71@email.com', 'Rua 71, Centro'),
(72, 'Aluno 72', '2008-01-16', '00000000072', '11990000072', 'aluno72@email.com', 'Rua 72, Centro'),
(73, 'Aluno 73', '2008-01-17', '00000000073', '11990000073', 'aluno73@email.com', 'Rua 73, Centro'),
(74, 'Aluno 74', '2008-01-18', '00000000074', '11990000074', 'aluno74@email.com', 'Rua 74, Centro'),
(75, 'Aluno 75', '2008-01-19', '00000000075', '11990000075', 'aluno75@email.com', 'Rua 75, Centro'),
(76, 'Aluno 76', '2008-01-20', '00000000076', '11990000076', 'aluno76@email.com', 'Rua 76, Centro'),
(77, 'Aluno 77', '2008-01-21', '00000000077', '11990000077', 'aluno77@email.com', 'Rua 77, Centro'),
(78, 'Aluno 78', '2008-01-22', '00000000078', '11990000078', 'aluno78@email.com', 'Rua 78, Centro'),
(79, 'Aluno 79', '2008-01-23', '00000000079', '11990000079', 'aluno79@email.com', 'Rua 79, Centro'),
(80, 'Aluno 80', '2008-01-24', '00000000080', '11990000080', 'aluno80@email.com', 'Rua 80, Centro'),
(81, 'Aluno 81', '2008-01-25', '00000000081', '11990000081', 'aluno81@email.com', 'Rua 81, Centro'),
(82, 'Aluno 82', '2008-01-26', '00000000082', '11990000082', 'aluno82@email.com', 'Rua 82, Centro'),
(83, 'Aluno 83', '2008-01-27', '00000000083', '11990000083', 'aluno83@email.com', 'Rua 83, Centro'),
(84, 'Aluno 84', '2008-01-28', '00000000084', '11990000084', 'aluno84@email.com', 'Rua 84, Centro'),
(85, 'Aluno 85', '2008-01-01', '00000000085', '11990000085', 'aluno85@email.com', 'Rua 85, Centro'),
(86, 'Aluno 86', '2008-01-02', '00000000086', '11990000086', 'aluno86@email.com', 'Rua 86, Centro'),
(87, 'Aluno 87', '2008-01-03', '00000000087', '11990000087', 'aluno87@email.com', 'Rua 87, Centro'),
(88, 'Aluno 88', '2008-01-04', '00000000088', '11990000088', 'aluno88@email.com', 'Rua 88, Centro'),
(89, 'Aluno 89', '2008-01-05', '00000000089', '11990000089', 'aluno89@email.com', 'Rua 89, Centro'),
(90, 'Aluno 90', '2008-01-06', '00000000090', '11990000090', 'aluno90@email.com', 'Rua 90, Centro'),
(91, 'Aluno 91', '2008-01-07', '00000000091', '11990000091', 'aluno91@email.com', 'Rua 91, Centro'),
(92, 'Aluno 92', '2008-01-08', '00000000092', '11990000092', 'aluno92@email.com', 'Rua 92, Centro'),
(93, 'Aluno 93', '2008-01-09', '00000000093', '11990000093', 'aluno93@email.com', 'Rua 93, Centro'),
(94, 'Aluno 94', '2008-01-10', '00000000094', '11990000094', 'aluno94@email.com', 'Rua 94, Centro'),
(95, 'Aluno 95', '2008-01-11', '00000000095', '11990000095', 'aluno95@email.com', 'Rua 95, Centro'),
(96, 'Aluno 96', '2008-01-12', '00000000096', '11990000096', 'aluno96@email.com', 'Rua 96, Centro'),
(97, 'Aluno 97', '2008-01-13', '00000000097', '11990000097', 'aluno97@email.com', 'Rua 97, Centro'),
(98, 'Aluno 98', '2008-01-14', '00000000098', '11990000098', 'aluno98@email.com', 'Rua 98, Centro'),
(99, 'Aluno 99', '2008-01-15', '00000000099', '11990000099', 'aluno99@email.com', 'Rua 99, Centro'),
(100, 'Aluno 100', '2008-01-16', '00000000100', '11990000100', 'aluno100@email.com', 'Rua 100, Centro'),
(101, 'Aluno 101', '2008-01-17', '00000000101', '11990000101', 'aluno101@email.com', 'Rua 101, Centro'),
(102, 'Aluno 102', '2008-01-18', '00000000102', '11990000102', 'aluno102@email.com', 'Rua 102, Centro'),
(103, 'Aluno 103', '2008-01-19', '00000000103', '11990000103', 'aluno103@email.com', 'Rua 103, Centro'),
(104, 'Aluno 104', '2008-01-20', '00000000104', '11990000104', 'aluno104@email.com', 'Rua 104, Centro'),
(105, 'Aluno 105', '2008-01-21', '00000000105', '11990000105', 'aluno105@email.com', 'Rua 105, Centro'),
(106, 'Aluno 106', '2008-01-22', '00000000106', '11990000106', 'aluno106@email.com', 'Rua 106, Centro'),
(107, 'Aluno 107', '2008-01-23', '00000000107', '11990000107', 'aluno107@email.com', 'Rua 107, Centro'),
(108, 'Aluno 108', '2008-01-24', '00000000108', '11990000108', 'aluno108@email.com', 'Rua 108, Centro'),
(109, 'Aluno 109', '2008-01-25', '00000000109', '11990000109', 'aluno109@email.com', 'Rua 109, Centro'),
(110, 'Aluno 110', '2008-01-26', '00000000110', '11990000110', 'aluno110@email.com', 'Rua 110, Centro'),
(111, 'Aluno 111', '2008-01-27', '00000000111', '11990000111', 'aluno111@email.com', 'Rua 111, Centro'),
(112, 'Aluno 112', '2008-01-28', '00000000112', '11990000112', 'aluno112@email.com', 'Rua 112, Centro'),
(113, 'Aluno 113', '2008-01-01', '00000000113', '11990000113', 'aluno113@email.com', 'Rua 113, Centro'),
(114, 'Aluno 114', '2008-01-02', '00000000114', '11990000114', 'aluno114@email.com', 'Rua 114, Centro'),
(115, 'Aluno 115', '2008-01-03', '00000000115', '11990000115', 'aluno115@email.com', 'Rua 115, Centro'),
(116, 'Aluno 116', '2008-01-04', '00000000116', '11990000116', 'aluno116@email.com', 'Rua 116, Centro'),
(117, 'Aluno 117', '2008-01-05', '00000000117', '11990000117', 'aluno117@email.com', 'Rua 117, Centro'),
(118, 'Aluno 118', '2008-01-06', '00000000118', '11990000118', 'aluno118@email.com', 'Rua 118, Centro'),
(119, 'Aluno 119', '2008-01-07', '00000000119', '11990000119', 'aluno119@email.com', 'Rua 119, Centro'),
(120, 'Aluno 120', '2008-01-08', '00000000120', '11990000120', 'aluno120@email.com', 'Rua 120, Centro'),
(121, 'Aluno 121', '2008-01-09', '00000000121', '11990000121', 'aluno121@email.com', 'Rua 121, Centro'),
(122, 'Aluno 122', '2008-01-10', '00000000122', '11990000122', 'aluno122@email.com', 'Rua 122, Centro'),
(123, 'Aluno 123', '2008-01-11', '00000000123', '11990000123', 'aluno123@email.com', 'Rua 123, Centro'),
(124, 'Aluno 124', '2008-01-12', '00000000124', '11990000124', 'aluno124@email.com', 'Rua 124, Centro'),
(125, 'Aluno 125', '2008-01-13', '00000000125', '11990000125', 'aluno125@email.com', 'Rua 125, Centro'),
(126, 'Aluno 126', '2008-01-14', '00000000126', '11990000126', 'aluno126@email.com', 'Rua 126, Centro'),
(127, 'Aluno 127', '2008-01-15', '00000000127', '11990000127', 'aluno127@email.com', 'Rua 127, Centro'),
(128, 'Aluno 128', '2008-01-16', '00000000128', '11990000128', 'aluno128@email.com', 'Rua 128, Centro'),
(129, 'Aluno 129', '2008-01-17', '00000000129', '11990000129', 'aluno129@email.com', 'Rua 129, Centro'),
(130, 'Aluno 130', '2008-01-18', '00000000130', '11990000130', 'aluno130@email.com', 'Rua 130, Centro'),
(131, 'Aluno 131', '2008-01-19', '00000000131', '11990000131', 'aluno131@email.com', 'Rua 131, Centro'),
(132, 'Aluno 132', '2008-01-20', '00000000132', '11990000132', 'aluno132@email.com', 'Rua 132, Centro'),
(133, 'Aluno 133', '2008-01-21', '00000000133', '11990000133', 'aluno133@email.com', 'Rua 133, Centro'),
(134, 'Aluno 134', '2008-01-22', '00000000134', '11990000134', 'aluno134@email.com', 'Rua 134, Centro'),
(135, 'Aluno 135', '2008-01-23', '00000000135', '11990000135', 'aluno135@email.com', 'Rua 135, Centro'),
(136, 'Aluno 136', '2008-01-24', '00000000136', '11990000136', 'aluno136@email.com', 'Rua 136, Centro'),
(137, 'Aluno 137', '2008-01-25', '00000000137', '11990000137', 'aluno137@email.com', 'Rua 137, Centro'),
(138, 'Aluno 138', '2008-01-26', '00000000138', '11990000138', 'aluno138@email.com', 'Rua 138, Centro'),
(139, 'Aluno 139', '2008-01-27', '00000000139', '11990000139', 'aluno139@email.com', 'Rua 139, Centro'),
(140, 'Aluno 140', '2008-01-28', '00000000140', '11990000140', 'aluno140@email.com', 'Rua 140, Centro'),
(141, 'Aluno 141', '2008-01-01', '00000000141', '11990000141', 'aluno141@email.com', 'Rua 141, Centro'),
(142, 'Aluno 142', '2008-01-02', '00000000142', '11990000142', 'aluno142@email.com', 'Rua 142, Centro'),
(143, 'Aluno 143', '2008-01-03', '00000000143', '11990000143', 'aluno143@email.com', 'Rua 143, Centro'),
(144, 'Aluno 144', '2008-01-04', '00000000144', '11990000144', 'aluno144@email.com', 'Rua 144, Centro'),
(145, 'Aluno 145', '2008-01-05', '00000000145', '11990000145', 'aluno145@email.com', 'Rua 145, Centro'),
(146, 'Aluno 146', '2008-01-06', '00000000146', '11990000146', 'aluno146@email.com', 'Rua 146, Centro'),
(147, 'Aluno 147', '2008-01-07', '00000000147', '11990000147', 'aluno147@email.com', 'Rua 147, Centro'),
(148, 'Aluno 148', '2008-01-08', '00000000148', '11990000148', 'aluno148@email.com', 'Rua 148, Centro'),
(149, 'Aluno 149', '2008-01-09', '00000000149', '11990000149', 'aluno149@email.com', 'Rua 149, Centro'),
(150, 'Aluno 150', '2008-01-10', '00000000150', '11990000150', 'aluno150@email.com', 'Rua 150, Centro'),
(151, 'Aluno 151', '2008-01-11', '00000000151', '11990000151', 'aluno151@email.com', 'Rua 151, Centro'),
(152, 'Aluno 152', '2008-01-12', '00000000152', '11990000152', 'aluno152@email.com', 'Rua 152, Centro'),
(153, 'Aluno 153', '2008-01-13', '00000000153', '11990000153', 'aluno153@email.com', 'Rua 153, Centro'),
(154, 'Aluno 154', '2008-01-14', '00000000154', '11990000154', 'aluno154@email.com', 'Rua 154, Centro'),
(155, 'Aluno 155', '2008-01-15', '00000000155', '11990000155', 'aluno155@email.com', 'Rua 155, Centro'),
(156, 'Aluno 156', '2008-01-16', '00000000156', '11990000156', 'aluno156@email.com', 'Rua 156, Centro'),
(157, 'Aluno 157', '2008-01-17', '00000000157', '11990000157', 'aluno157@email.com', 'Rua 157, Centro'),
(158, 'Aluno 158', '2008-01-18', '00000000158', '11990000158', 'aluno158@email.com', 'Rua 158, Centro'),
(159, 'Aluno 159', '2008-01-19', '00000000159', '11990000159', 'aluno159@email.com', 'Rua 159, Centro'),
(160, 'Aluno 160', '2008-01-20', '00000000160', '11990000160', 'aluno160@email.com', 'Rua 160, Centro'),
(161, 'Aluno 161', '2008-01-21', '00000000161', '11990000161', 'aluno161@email.com', 'Rua 161, Centro'),
(162, 'Aluno 162', '2008-01-22', '00000000162', '11990000162', 'aluno162@email.com', 'Rua 162, Centro'),
(163, 'Aluno 163', '2008-01-23', '00000000163', '11990000163', 'aluno163@email.com', 'Rua 163, Centro'),
(164, 'Aluno 164', '2008-01-24', '00000000164', '11990000164', 'aluno164@email.com', 'Rua 164, Centro'),
(165, 'Aluno 165', '2008-01-25', '00000000165', '11990000165', 'aluno165@email.com', 'Rua 165, Centro'),
(166, 'Aluno 166', '2008-01-26', '00000000166', '11990000166', 'aluno166@email.com', 'Rua 166, Centro'),
(167, 'Aluno 167', '2008-01-27', '00000000167', '11990000167', 'aluno167@email.com', 'Rua 167, Centro'),
(168, 'Aluno 168', '2008-01-28', '00000000168', '11990000168', 'aluno168@email.com', 'Rua 168, Centro'),
(169, 'Aluno 169', '2008-01-01', '00000000169', '11990000169', 'aluno169@email.com', 'Rua 169, Centro'),
(170, 'Aluno 170', '2008-01-02', '00000000170', '11990000170', 'aluno170@email.com', 'Rua 170, Centro'),
(171, 'Aluno 171', '2008-01-03', '00000000171', '11990000171', 'aluno171@email.com', 'Rua 171, Centro'),
(172, 'Aluno 172', '2008-01-04', '00000000172', '11990000172', 'aluno172@email.com', 'Rua 172, Centro'),
(173, 'Aluno 173', '2008-01-05', '00000000173', '11990000173', 'aluno173@email.com', 'Rua 173, Centro'),
(174, 'Aluno 174', '2008-01-06', '00000000174', '11990000174', 'aluno174@email.com', 'Rua 174, Centro'),
(175, 'Aluno 175', '2008-01-07', '00000000175', '11990000175', 'aluno175@email.com', 'Rua 175, Centro'),
(176, 'Aluno 176', '2008-01-08', '00000000176', '11990000176', 'aluno176@email.com', 'Rua 176, Centro'),
(177, 'Aluno 177', '2008-01-09', '00000000177', '11990000177', 'aluno177@email.com', 'Rua 177, Centro'),
(178, 'Aluno 178', '2008-01-10', '00000000178', '11990000178', 'aluno178@email.com', 'Rua 178, Centro'),
(179, 'Aluno 179', '2008-01-11', '00000000179', '11990000179', 'aluno179@email.com', 'Rua 179, Centro'),
(180, 'Aluno 180', '2008-01-12', '00000000180', '11990000180', 'aluno180@email.com', 'Rua 180, Centro'),
(181, 'Aluno 181', '2008-01-13', '00000000181', '11990000181', 'aluno181@email.com', 'Rua 181, Centro'),
(182, 'Aluno 182', '2008-01-14', '00000000182', '11990000182', 'aluno182@email.com', 'Rua 182, Centro'),
(183, 'Aluno 183', '2008-01-15', '00000000183', '11990000183', 'aluno183@email.com', 'Rua 183, Centro'),
(184, 'Aluno 184', '2008-01-16', '00000000184', '11990000184', 'aluno184@email.com', 'Rua 184, Centro'),
(185, 'Aluno 185', '2008-01-17', '00000000185', '11990000185', 'aluno185@email.com', 'Rua 185, Centro'),
(186, 'Aluno 186', '2008-01-18', '00000000186', '11990000186', 'aluno186@email.com', 'Rua 186, Centro'),
(187, 'Aluno 187', '2008-01-19', '00000000187', '11990000187', 'aluno187@email.com', 'Rua 187, Centro'),
(188, 'Aluno 188', '2008-01-20', '00000000188', '11990000188', 'aluno188@email.com', 'Rua 188, Centro'),
(189, 'Aluno 189', '2008-01-21', '00000000189', '11990000189', 'aluno189@email.com', 'Rua 189, Centro'),
(190, 'Aluno 190', '2008-01-22', '00000000190', '11990000190', 'aluno190@email.com', 'Rua 190, Centro'),
(191, 'Aluno 191', '2008-01-23', '00000000191', '11990000191', 'aluno191@email.com', 'Rua 191, Centro'),
(192, 'Aluno 192', '2008-01-24', '00000000192', '11990000192', 'aluno192@email.com', 'Rua 192, Centro'),
(193, 'Aluno 193', '2008-01-25', '00000000193', '11990000193', 'aluno193@email.com', 'Rua 193, Centro'),
(194, 'Aluno 194', '2008-01-26', '00000000194', '11990000194', 'aluno194@email.com', 'Rua 194, Centro'),
(195, 'Aluno 195', '2008-01-27', '00000000195', '11990000195', 'aluno195@email.com', 'Rua 195, Centro'),
(196, 'Aluno 196', '2008-01-28', '00000000196', '11990000196', 'aluno196@email.com', 'Rua 196, Centro'),
(197, 'Aluno 197', '2008-01-01', '00000000197', '11990000197', 'aluno197@email.com', 'Rua 197, Centro'),
(198, 'Aluno 198', '2008-01-02', '00000000198', '11990000198', 'aluno198@email.com', 'Rua 198, Centro'),
(199, 'Aluno 199', '2008-01-03', '00000000199', '11990000199', 'aluno199@email.com', 'Rua 199, Centro'),
(200, 'Aluno 200', '2008-01-04', '00000000200', '11990000200', 'aluno200@email.com', 'Rua 200, Centro'),
(201, 'Aluno 201', '2008-01-05', '00000000201', '11990000201', 'aluno201@email.com', 'Rua 201, Centro'),
(202, 'Aluno 202', '2008-01-06', '00000000202', '11990000202', 'aluno202@email.com', 'Rua 202, Centro'),
(203, 'Aluno 203', '2008-01-07', '00000000203', '11990000203', 'aluno203@email.com', 'Rua 203, Centro'),
(204, 'Aluno 204', '2008-01-08', '00000000204', '11990000204', 'aluno204@email.com', 'Rua 204, Centro'),
(205, 'Aluno 205', '2008-01-09', '00000000205', '11990000205', 'aluno205@email.com', 'Rua 205, Centro'),
(206, 'Aluno 206', '2008-01-10', '00000000206', '11990000206', 'aluno206@email.com', 'Rua 206, Centro'),
(207, 'Aluno 207', '2008-01-11', '00000000207', '11990000207', 'aluno207@email.com', 'Rua 207, Centro'),
(208, 'Aluno 208', '2008-01-12', '00000000208', '11990000208', 'aluno208@email.com', 'Rua 208, Centro'),
(209, 'Aluno 209', '2008-01-13', '00000000209', '11990000209', 'aluno209@email.com', 'Rua 209, Centro'),
(210, 'Aluno 210', '2008-01-14', '00000000210', '11990000210', 'aluno210@email.com', 'Rua 210, Centro'),
(211, 'Aluno 211', '2008-01-15', '00000000211', '11990000211', 'aluno211@email.com', 'Rua 211, Centro'),
(212, 'Aluno 212', '2008-01-16', '00000000212', '11990000212', 'aluno212@email.com', 'Rua 212, Centro'),
(213, 'Aluno 213', '2008-01-17', '00000000213', '11990000213', 'aluno213@email.com', 'Rua 213, Centro'),
(214, 'Aluno 214', '2008-01-18', '00000000214', '11990000214', 'aluno214@email.com', 'Rua 214, Centro'),
(215, 'Aluno 215', '2008-01-19', '00000000215', '11990000215', 'aluno215@email.com', 'Rua 215, Centro'),
(216, 'Aluno 216', '2008-01-20', '00000000216', '11990000216', 'aluno216@email.com', 'Rua 216, Centro'),
(217, 'Aluno 217', '2008-01-21', '00000000217', '11990000217', 'aluno217@email.com', 'Rua 217, Centro'),
(218, 'Aluno 218', '2008-01-22', '00000000218', '11990000218', 'aluno218@email.com', 'Rua 218, Centro'),
(219, 'Aluno 219', '2008-01-23', '00000000219', '11990000219', 'aluno219@email.com', 'Rua 219, Centro'),
(220, 'Aluno 220', '2008-01-24', '00000000220', '11990000220', 'aluno220@email.com', 'Rua 220, Centro'),
(221, 'Aluno 221', '2008-01-25', '00000000221', '11990000221', 'aluno221@email.com', 'Rua 221, Centro'),
(222, 'Aluno 222', '2008-01-26', '00000000222', '11990000222', 'aluno222@email.com', 'Rua 222, Centro'),
(223, 'Aluno 223', '2008-01-27', '00000000223', '11990000223', 'aluno223@email.com', 'Rua 223, Centro'),
(224, 'Aluno 224', '2008-01-28', '00000000224', '11990000224', 'aluno224@email.com', 'Rua 224, Centro'),
(225, 'Aluno 225', '2008-01-01', '00000000225', '11990000225', 'aluno225@email.com', 'Rua 225, Centro'),
(226, 'Aluno 226', '2008-01-02', '00000000226', '11990000226', 'aluno226@email.com', 'Rua 226, Centro'),
(227, 'Aluno 227', '2008-01-03', '00000000227', '11990000227', 'aluno227@email.com', 'Rua 227, Centro'),
(228, 'Aluno 228', '2008-01-04', '00000000228', '11990000228', 'aluno228@email.com', 'Rua 228, Centro'),
(229, 'Aluno 229', '2008-01-05', '00000000229', '11990000229', 'aluno229@email.com', 'Rua 229, Centro'),
(230, 'Aluno 230', '2008-01-06', '00000000230', '11990000230', 'aluno230@email.com', 'Rua 230, Centro'),
(231, 'Aluno 231', '2008-01-07', '00000000231', '11990000231', 'aluno231@email.com', 'Rua 231, Centro'),
(232, 'Aluno 232', '2008-01-08', '00000000232', '11990000232', 'aluno232@email.com', 'Rua 232, Centro'),
(233, 'Aluno 233', '2008-01-09', '00000000233', '11990000233', 'aluno233@email.com', 'Rua 233, Centro'),
(234, 'Aluno 234', '2008-01-10', '00000000234', '11990000234', 'aluno234@email.com', 'Rua 234, Centro'),
(235, 'Aluno 235', '2008-01-11', '00000000235', '11990000235', 'aluno235@email.com', 'Rua 235, Centro'),
(236, 'Aluno 236', '2008-01-12', '00000000236', '11990000236', 'aluno236@email.com', 'Rua 236, Centro'),
(237, 'Aluno 237', '2008-01-13', '00000000237', '11990000237', 'aluno237@email.com', 'Rua 237, Centro'),
(238, 'Aluno 238', '2008-01-14', '00000000238', '11990000238', 'aluno238@email.com', 'Rua 238, Centro'),
(239, 'Aluno 239', '2008-01-15', '00000000239', '11990000239', 'aluno239@email.com', 'Rua 239, Centro'),
(240, 'Aluno 240', '2008-01-16', '00000000240', '11990000240', 'aluno240@email.com', 'Rua 240, Centro'),
(241, 'Aluno 241', '2008-01-17', '00000000241', '11990000241', 'aluno241@email.com', 'Rua 241, Centro'),
(242, 'Aluno 242', '2008-01-18', '00000000242', '11990000242', 'aluno242@email.com', 'Rua 242, Centro'),
(243, 'Aluno 243', '2008-01-19', '00000000243', '11990000243', 'aluno243@email.com', 'Rua 243, Centro'),
(244, 'Aluno 244', '2008-01-20', '00000000244', '11990000244', 'aluno244@email.com', 'Rua 244, Centro'),
(245, 'Aluno 245', '2008-01-21', '00000000245', '11990000245', 'aluno245@email.com', 'Rua 245, Centro'),
(246, 'Aluno 246', '2008-01-22', '00000000246', '11990000246', 'aluno246@email.com', 'Rua 246, Centro'),
(247, 'Aluno 247', '2008-01-23', '00000000247', '11990000247', 'aluno247@email.com', 'Rua 247, Centro'),
(248, 'Aluno 248', '2008-01-24', '00000000248', '11990000248', 'aluno248@email.com', 'Rua 248, Centro'),
(249, 'Aluno 249', '2008-01-25', '00000000249', '11990000249', 'aluno249@email.com', 'Rua 249, Centro'),
(250, 'Aluno 250', '2008-01-26', '00000000250', '11990000250', 'aluno250@email.com', 'Rua 250, Centro');

-- --------------------------------------------------------

--
-- Estrutura para tabela `alunos_responsaveis`
--

CREATE TABLE `alunos_responsaveis` (
  `id_alunos` int(11) NOT NULL,
  `id_responsaveis` int(11) NOT NULL
) ENGINE=InnoDB DEFAULT CHARSET=utf8mb4 COLLATE=utf8mb4_general_ci;

--
-- Despejando dados para a tabela `alunos_responsaveis`
--

INSERT INTO `alunos_responsaveis` (`id_alunos`, `id_responsaveis`) VALUES
(1, 1),
(2, 2),
(3, 3),
(4, 4),
(5, 5),
(6, 6),
(7, 7),
(8, 8),
(9, 9),
(10, 10),
(11, 11),
(12, 12),
(13, 13),
(14, 14),
(15, 15),
(16, 16),
(17, 17),
(18, 18),
(19, 19),
(20, 20),
(21, 21),
(22, 22),
(23, 23),
(24, 24),
(25, 25),
(26, 26),
(27, 27),
(28, 28),
(29, 29),
(30, 30),
(31, 31),
(32, 32),
(33, 33),
(34, 34),
(35, 35),
(36, 36),
(37, 37),
(38, 38),
(39, 39),
(40, 40),
(41, 41),
(42, 42),
(43, 43),
(44, 44),
(45, 45),
(46, 46),
(47, 47),
(48, 48),
(49, 49),
(50, 50),
(51, 51),
(52, 52),
(53, 53),
(54, 54),
(55, 55),
(56, 56),
(57, 57),
(58, 58),
(59, 59),
(60, 60),
(61, 61),
(62, 62),
(63, 63),
(64, 64),
(65, 65),
(66, 66),
(67, 67),
(68, 68),
(69, 69),
(70, 70),
(71, 71),
(72, 72),
(73, 73),
(74, 74),
(75, 75),
(76, 76),
(77, 77),
(78, 78),
(79, 79),
(80, 80),
(81, 81),
(82, 82),
(83, 83),
(84, 84),
(85, 85),
(86, 86),
(87, 87),
(88, 88),
(89, 89),
(90, 90),
(91, 91),
(92, 92),
(93, 93),
(94, 94),
(95, 95),
(96, 96),
(97, 97),
(98, 98),
(99, 99),
(100, 100),
(101, 101),
(102, 102),
(103, 103),
(104, 104),
(105, 105),
(106, 106),
(107, 107),
(108, 108),
(109, 109),
(110, 110),
(111, 111),
(112, 112),
(113, 113),
(114, 114),
(115, 115),
(116, 116),
(117, 117),
(118, 118),
(119, 119),
(120, 120),
(121, 121),
(122, 122),
(123, 123),
(124, 124),
(125, 125),
(126, 126),
(127, 127),
(128, 128),
(129, 129),
(130, 130),
(131, 131),
(132, 132),
(133, 133),
(134, 134),
(135, 135),
(136, 136),
(137, 137),
(138, 138),
(139, 139),
(140, 140),
(141, 141),
(142, 142),
(143, 143),
(144, 144),
(145, 145),
(146, 146),
(147, 147),
(148, 148),
(149, 149),
(150, 150),
(151, 151),
(152, 152),
(153, 153),
(154, 154),
(155, 155),
(156, 156),
(157, 157),
(158, 158),
(159, 159),
(160, 160),
(161, 161),
(162, 162),
(163, 163),
(164, 164),
(165, 165),
(166, 166),
(167, 167),
(168, 168),
(169, 169),
(170, 170),
(171, 171),
(172, 172),
(173, 173),
(174, 174),
(175, 175),
(176, 176),
(177, 177),
(178, 178),
(179, 179),
(180, 180),
(181, 181),
(182, 182),
(183, 183),
(184, 184),
(185, 185),
(186, 186),
(187, 187),
(188, 188),
(189, 189),
(190, 190),
(191, 191),
(192, 192),
(193, 193),
(194, 194),
(195, 195),
(196, 196),
(197, 197),
(198, 198),
(199, 199),
(200, 200),
(201, 201),
(202, 202),
(203, 203),
(204, 204),
(205, 205),
(206, 206),
(207, 207),
(208, 208),
(209, 209),
(210, 210),
(211, 211),
(212, 212),
(213, 213),
(214, 214),
(215, 215),
(216, 216),
(217, 217),
(218, 218),
(219, 219),
(220, 220),
(221, 221),
(222, 222),
(223, 223),
(224, 224),
(225, 225),
(226, 226),
(227, 227),
(228, 228),
(229, 229),
(230, 230),
(231, 231),
(232, 232),
(233, 233),
(234, 234),
(235, 235),
(236, 236),
(237, 237),
(238, 238),
(239, 239),
(240, 240),
(241, 241),
(242, 242),
(243, 243),
(244, 244),
(245, 245),
(246, 246),
(247, 247),
(248, 248),
(249, 249),
(250, 250),
(1, 1),
(2, 2),
(3, 3),
(4, 4),
(5, 5),
(6, 6),
(7, 7),
(8, 8),
(9, 9),
(10, 10),
(11, 11),
(12, 12),
(13, 13),
(14, 14),
(15, 15),
(16, 16),
(17, 17),
(18, 18),
(19, 19),
(20, 20),
(21, 21),
(22, 22),
(23, 23),
(24, 24),
(25, 25),
(26, 26),
(27, 27),
(28, 28),
(29, 29),
(30, 30),
(31, 31),
(32, 32),
(33, 33),
(34, 34),
(35, 35),
(36, 36),
(37, 37),
(38, 38),
(39, 39),
(40, 40),
(41, 41),
(42, 42),
(43, 43),
(44, 44),
(45, 45),
(46, 46),
(47, 47),
(48, 48),
(49, 49),
(50, 50),
(51, 51),
(52, 52),
(53, 53),
(54, 54),
(55, 55),
(56, 56),
(57, 57),
(58, 58),
(59, 59),
(60, 60),
(61, 61),
(62, 62),
(63, 63),
(64, 64),
(65, 65),
(66, 66),
(67, 67),
(68, 68),
(69, 69),
(70, 70),
(71, 71),
(72, 72),
(73, 73),
(74, 74),
(75, 75),
(76, 76),
(77, 77),
(78, 78),
(79, 79),
(80, 80),
(81, 81),
(82, 82),
(83, 83),
(84, 84),
(85, 85),
(86, 86),
(87, 87),
(88, 88),
(89, 89),
(90, 90),
(91, 91),
(92, 92),
(93, 93),
(94, 94),
(95, 95),
(96, 96),
(97, 97),
(98, 98),
(99, 99),
(100, 100),
(101, 101),
(102, 102),
(103, 103),
(104, 104),
(105, 105),
(106, 106),
(107, 107),
(108, 108),
(109, 109),
(110, 110),
(111, 111),
(112, 112),
(113, 113),
(114, 114),
(115, 115),
(116, 116),
(117, 117),
(118, 118),
(119, 119),
(120, 120),
(121, 121),
(122, 122),
(123, 123),
(124, 124),
(125, 125),
(126, 126),
(127, 127),
(128, 128),
(129, 129),
(130, 130),
(131, 131),
(132, 132),
(133, 133),
(134, 134),
(135, 135),
(136, 136),
(137, 137),
(138, 138),
(139, 139),
(140, 140),
(141, 141),
(142, 142),
(143, 143),
(144, 144),
(145, 145),
(146, 146),
(147, 147),
(148, 148),
(149, 149),
(150, 150),
(151, 151),
(152, 152),
(153, 153),
(154, 154),
(155, 155),
(156, 156),
(157, 157),
(158, 158),
(159, 159),
(160, 160),
(161, 161),
(162, 162),
(163, 163),
(164, 164),
(165, 165),
(166, 166),
(167, 167),
(168, 168),
(169, 169),
(170, 170),
(171, 171),
(172, 172),
(173, 173),
(174, 174),
(175, 175),
(176, 176),
(177, 177),
(178, 178),
(179, 179),
(180, 180),
(181, 181),
(182, 182),
(183, 183),
(184, 184),
(185, 185),
(186, 186),
(187, 187),
(188, 188),
(189, 189),
(190, 190),
(191, 191),
(192, 192),
(193, 193),
(194, 194),
(195, 195),
(196, 196),
(197, 197),
(198, 198),
(199, 199),
(200, 200),
(201, 201),
(202, 202),
(203, 203),
(204, 204),
(205, 205),
(206, 206),
(207, 207),
(208, 208),
(209, 209),
(210, 210),
(211, 211),
(212, 212),
(213, 213),
(214, 214),
(215, 215),
(216, 216),
(217, 217),
(218, 218),
(219, 219),
(220, 220),
(221, 221),
(222, 222),
(223, 223),
(224, 224),
(225, 225),
(226, 226),
(227, 227),
(228, 228),
(229, 229),
(230, 230),
(231, 231),
(232, 232),
(233, 233),
(234, 234),
(235, 235),
(236, 236),
(237, 237),
(238, 238),
(239, 239),
(240, 240),
(241, 241),
(242, 242),
(243, 243),
(244, 244),
(245, 245),
(246, 246),
(247, 247),
(248, 248),
(249, 249),
(250, 250);

-- --------------------------------------------------------

--
-- Estrutura para tabela `avaliacoes`
--

CREATE TABLE `avaliacoes` (
  `id_avaliacoes` int(11) NOT NULL,
  `descricao` varchar(120) DEFAULT NULL,
  `data_avaliacao` date DEFAULT NULL,
  `valor` decimal(5,2) DEFAULT NULL,
  `id_disciplinas` int(11) DEFAULT NULL
) ENGINE=InnoDB DEFAULT CHARSET=utf8mb4 COLLATE=utf8mb4_general_ci;

--
-- Despejando dados para a tabela `avaliacoes`
--

INSERT INTO `avaliacoes` (`id_avaliacoes`, `descricao`, `data_avaliacao`, `valor`, `id_disciplinas`) VALUES
(1, 'Prova 1', '2026-02-10', 10.00, 1),
(2, 'Trabalho', '2026-02-20', 10.00, 1),
(3, 'Prova 2', '2026-03-10', 10.00, 1),
(4, 'Simulado', '2026-03-20', 10.00, 1),
(5, 'Prova 1', '2026-02-10', 10.00, 2),
(6, 'Trabalho', '2026-02-20', 10.00, 2),
(7, 'Prova 2', '2026-03-10', 10.00, 2),
(8, 'Simulado', '2026-03-20', 10.00, 2),
(9, 'Prova 1', '2026-02-10', 10.00, 3),
(10, 'Trabalho', '2026-02-20', 10.00, 3),
(11, 'Prova 2', '2026-03-10', 10.00, 3),
(12, 'Simulado', '2026-03-20', 10.00, 3),
(13, 'Prova 1', '2026-02-11', 10.00, 4),
(14, 'Trabalho', '2026-02-21', 10.00, 4),
(15, 'Prova 2', '2026-03-11', 10.00, 4),
(16, 'Simulado', '2026-03-21', 10.00, 4),
(17, 'Prova 1', '2026-02-11', 10.00, 5),
(18, 'Trabalho', '2026-02-21', 10.00, 5),
(19, 'Prova 2', '2026-03-11', 10.00, 5),
(20, 'Simulado', '2026-03-21', 10.00, 5),
(21, 'Prova 1', '2026-02-12', 10.00, 6),
(22, 'Trabalho', '2026-02-22', 10.00, 6),
(23, 'Prova 2', '2026-03-12', 10.00, 6),
(24, 'Simulado', '2026-03-22', 10.00, 6),
(25, 'Prova 1', '2026-02-12', 10.00, 7),
(26, 'Trabalho', '2026-02-22', 10.00, 7),
(27, 'Prova 2', '2026-03-12', 10.00, 7),
(28, 'Simulado', '2026-03-22', 10.00, 7),
(29, 'Prova 1', '2026-02-13', 10.00, 8),
(30, 'Trabalho', '2026-02-23', 10.00, 8),
(31, 'Prova 2', '2026-03-13', 10.00, 8),
(32, 'Simulado', '2026-03-23', 10.00, 8),
(33, 'Prova 1', '2026-02-13', 10.00, 9),
(34, 'Trabalho', '2026-02-23', 10.00, 9),
(35, 'Prova 2', '2026-03-13', 10.00, 9),
(36, 'Simulado', '2026-03-23', 10.00, 9),
(37, 'Prova 1', '2026-02-14', 10.00, 10),
(38, 'Trabalho', '2026-02-24', 10.00, 10),
(39, 'Prova 2', '2026-03-14', 10.00, 10),
(40, 'Simulado', '2026-03-24', 10.00, 10),
(41, 'Prova 1', '2026-02-10', 10.00, 11),
(42, 'Trabalho', '2026-02-20', 10.00, 11),
(43, 'Prova 2', '2026-03-10', 10.00, 11),
(44, 'Simulado', '2026-03-20', 10.00, 11),
(45, 'Prova 1', '2026-02-10', 10.00, 12),
(46, 'Trabalho', '2026-02-20', 10.00, 12),
(47, 'Prova 2', '2026-03-10', 10.00, 12),
(48, 'Simulado', '2026-03-20', 10.00, 12),
(49, 'Prova 1', '2026-02-11', 10.00, 13),
(50, 'Trabalho', '2026-02-21', 10.00, 13),
(51, 'Prova 2', '2026-03-11', 10.00, 13),
(52, 'Simulado', '2026-03-21', 10.00, 13),
(53, 'Prova 1', '2026-02-11', 10.00, 14),
(54, 'Trabalho', '2026-02-21', 10.00, 14),
(55, 'Prova 2', '2026-03-11', 10.00, 14),
(56, 'Simulado', '2026-03-21', 10.00, 14),
(57, 'Prova 1', '2026-02-12', 10.00, 15),
(58, 'Trabalho', '2026-02-22', 10.00, 15),
(59, 'Prova 2', '2026-03-12', 10.00, 15),
(60, 'Simulado', '2026-03-22', 10.00, 15),
(61, 'Prova 1', '2026-02-12', 10.00, 16),
(62, 'Trabalho', '2026-02-22', 10.00, 16),
(63, 'Prova 2', '2026-03-12', 10.00, 16),
(64, 'Simulado', '2026-03-22', 10.00, 16),
(65, 'Prova 1', '2026-02-13', 10.00, 17),
(66, 'Trabalho', '2026-02-23', 10.00, 17),
(67, 'Prova 2', '2026-03-13', 10.00, 17),
(68, 'Simulado', '2026-03-23', 10.00, 17),
(69, 'Prova 1', '2026-02-13', 10.00, 18),
(70, 'Trabalho', '2026-02-23', 10.00, 18),
(71, 'Prova 2', '2026-03-13', 10.00, 18),
(72, 'Simulado', '2026-03-23', 10.00, 18),
(73, 'Prova 1', '2026-02-14', 10.00, 19),
(74, 'Trabalho', '2026-02-24', 10.00, 19),
(75, 'Prova 2', '2026-03-14', 10.00, 19),
(76, 'Simulado', '2026-03-24', 10.00, 19),
(77, 'Prova 1', '2026-02-14', 10.00, 20),
(78, 'Trabalho', '2026-02-24', 10.00, 20),
(79, 'Prova 2', '2026-03-14', 10.00, 20),
(80, 'Simulado', '2026-03-24', 10.00, 20),
(81, 'Prova 1', '2026-02-10', 10.00, 21),
(82, 'Trabalho', '2026-02-20', 10.00, 21),
(83, 'Prova 2', '2026-03-10', 10.00, 21),
(84, 'Simulado', '2026-03-20', 10.00, 21),
(85, 'Prova 1', '2026-02-10', 10.00, 22),
(86, 'Trabalho', '2026-02-20', 10.00, 22),
(87, 'Prova 2', '2026-03-10', 10.00, 22),
(88, 'Simulado', '2026-03-20', 10.00, 22),
(89, 'Prova 1', '2026-02-11', 10.00, 23),
(90, 'Trabalho', '2026-02-21', 10.00, 23),
(91, 'Prova 2', '2026-03-11', 10.00, 23),
(92, 'Simulado', '2026-03-21', 10.00, 23),
(93, 'Prova 1', '2026-02-11', 10.00, 24),
(94, 'Trabalho', '2026-02-21', 10.00, 24),
(95, 'Prova 2', '2026-03-11', 10.00, 24),
(96, 'Simulado', '2026-03-21', 10.00, 24),
(97, 'Prova 1', '2026-02-12', 10.00, 25),
(98, 'Trabalho', '2026-02-22', 10.00, 25),
(99, 'Prova 2', '2026-03-12', 10.00, 25),
(100, 'Simulado', '2026-03-22', 10.00, 25),
(101, 'Prova 1', '2026-02-12', 10.00, 26),
(102, 'Trabalho', '2026-02-22', 10.00, 26),
(103, 'Prova 2', '2026-03-12', 10.00, 26),
(104, 'Simulado', '2026-03-22', 10.00, 26),
(105, 'Prova 1', '2026-02-13', 10.00, 27),
(106, 'Trabalho', '2026-02-23', 10.00, 27),
(107, 'Prova 2', '2026-03-13', 10.00, 27),
(108, 'Simulado', '2026-03-23', 10.00, 27),
(109, 'Prova 1', '2026-02-13', 10.00, 28),
(110, 'Trabalho', '2026-02-23', 10.00, 28),
(111, 'Prova 2', '2026-03-13', 10.00, 28),
(112, 'Simulado', '2026-03-23', 10.00, 28),
(113, 'Prova 1', '2026-02-14', 10.00, 29),
(114, 'Trabalho', '2026-02-24', 10.00, 29),
(115, 'Prova 2', '2026-03-14', 10.00, 29),
(116, 'Simulado', '2026-03-24', 10.00, 29),
(117, 'Prova 1', '2026-02-14', 10.00, 30),
(118, 'Trabalho', '2026-02-24', 10.00, 30),
(119, 'Prova 2', '2026-03-14', 10.00, 30),
(120, 'Simulado', '2026-03-24', 10.00, 30),
(121, 'Prova 1', '2026-02-10', 10.00, 31),
(122, 'Trabalho', '2026-02-20', 10.00, 31),
(123, 'Prova 2', '2026-03-10', 10.00, 31),
(124, 'Simulado', '2026-03-20', 10.00, 31),
(125, 'Prova 1', '2026-02-10', 10.00, 32),
(126, 'Trabalho', '2026-02-20', 10.00, 32),
(127, 'Prova 2', '2026-03-10', 10.00, 32),
(128, 'Simulado', '2026-03-20', 10.00, 32),
(129, 'Prova 1', '2026-02-11', 10.00, 33),
(130, 'Trabalho', '2026-02-21', 10.00, 33),
(131, 'Prova 2', '2026-03-11', 10.00, 33),
(132, 'Simulado', '2026-03-21', 10.00, 33),
(133, 'Prova 1', '2026-02-11', 10.00, 34),
(134, 'Trabalho', '2026-02-21', 10.00, 34),
(135, 'Prova 2', '2026-03-11', 10.00, 34),
(136, 'Simulado', '2026-03-21', 10.00, 34),
(137, 'Prova 1', '2026-02-12', 10.00, 35),
(138, 'Trabalho', '2026-02-22', 10.00, 35),
(139, 'Prova 2', '2026-03-12', 10.00, 35),
(140, 'Simulado', '2026-03-22', 10.00, 35),
(141, 'Prova 1', '2026-02-12', 10.00, 36),
(142, 'Trabalho', '2026-02-22', 10.00, 36),
(143, 'Prova 2', '2026-03-12', 10.00, 36),
(144, 'Simulado', '2026-03-22', 10.00, 36),
(145, 'Prova 1', '2026-02-13', 10.00, 37),
(146, 'Trabalho', '2026-02-23', 10.00, 37),
(147, 'Prova 2', '2026-03-13', 10.00, 37),
(148, 'Simulado', '2026-03-23', 10.00, 37),
(149, 'Prova 1', '2026-02-13', 10.00, 38),
(150, 'Trabalho', '2026-02-23', 10.00, 38),
(151, 'Prova 2', '2026-03-13', 10.00, 38),
(152, 'Simulado', '2026-03-23', 10.00, 38),
(153, 'Prova 1', '2026-02-14', 10.00, 39),
(154, 'Trabalho', '2026-02-24', 10.00, 39),
(155, 'Prova 2', '2026-03-14', 10.00, 39),
(156, 'Simulado', '2026-03-24', 10.00, 39),
(157, 'Prova 1', '2026-02-14', 10.00, 40),
(158, 'Trabalho', '2026-02-24', 10.00, 40),
(159, 'Prova 2', '2026-03-14', 10.00, 40),
(160, 'Simulado', '2026-03-24', 10.00, 40),
(161, 'Prova 1', '2026-02-10', 10.00, 41),
(162, 'Trabalho', '2026-02-20', 10.00, 41),
(163, 'Prova 2', '2026-03-10', 10.00, 41),
(164, 'Simulado', '2026-03-20', 10.00, 41),
(165, 'Prova 1', '2026-02-10', 10.00, 42),
(166, 'Trabalho', '2026-02-20', 10.00, 42),
(167, 'Prova 2', '2026-03-10', 10.00, 42),
(168, 'Simulado', '2026-03-20', 10.00, 42),
(169, 'Prova 1', '2026-02-11', 10.00, 43),
(170, 'Trabalho', '2026-02-21', 10.00, 43),
(171, 'Prova 2', '2026-03-11', 10.00, 43),
(172, 'Simulado', '2026-03-21', 10.00, 43),
(173, 'Prova 1', '2026-02-11', 10.00, 44),
(174, 'Trabalho', '2026-02-21', 10.00, 44),
(175, 'Prova 2', '2026-03-11', 10.00, 44),
(176, 'Simulado', '2026-03-21', 10.00, 44),
(177, 'Prova 1', '2026-02-12', 10.00, 45),
(178, 'Trabalho', '2026-02-22', 10.00, 45),
(179, 'Prova 2', '2026-03-12', 10.00, 45),
(180, 'Simulado', '2026-03-22', 10.00, 45),
(181, 'Prova 1', '2026-02-12', 10.00, 46),
(182, 'Trabalho', '2026-02-22', 10.00, 46),
(183, 'Prova 2', '2026-03-12', 10.00, 46),
(184, 'Simulado', '2026-03-22', 10.00, 46),
(185, 'Prova 1', '2026-02-13', 10.00, 47),
(186, 'Trabalho', '2026-02-23', 10.00, 47),
(187, 'Prova 2', '2026-03-13', 10.00, 47),
(188, 'Simulado', '2026-03-23', 10.00, 47),
(189, 'Prova 1', '2026-02-13', 10.00, 48),
(190, 'Trabalho', '2026-02-23', 10.00, 48),
(191, 'Prova 2', '2026-03-13', 10.00, 48),
(192, 'Simulado', '2026-03-23', 10.00, 48),
(193, 'Prova 1', '2026-02-14', 10.00, 49),
(194, 'Trabalho', '2026-02-24', 10.00, 49),
(195, 'Prova 2', '2026-03-14', 10.00, 49),
(196, 'Simulado', '2026-03-24', 10.00, 49),
(197, 'Prova 1', '2026-02-14', 10.00, 50),
(198, 'Trabalho', '2026-02-24', 10.00, 50),
(199, 'Prova 2', '2026-03-14', 10.00, 50),
(200, 'Simulado', '2026-03-24', 10.00, 50);

-- --------------------------------------------------------

--
-- Estrutura para tabela `boletins`
--

CREATE TABLE `boletins` (
  `id_boletins` int(11) NOT NULL,
  `id_matriculas` int(11) DEFAULT NULL,
  `notas` decimal(5,2) DEFAULT NULL,
  `media_final` decimal(5,2) DEFAULT NULL,
  `situacao_final` varchar(120) DEFAULT NULL,
  `frequencia` decimal(5,2) DEFAULT NULL,
  `id_avaliacoes` int(11) DEFAULT NULL
) ENGINE=InnoDB DEFAULT CHARSET=utf8mb4 COLLATE=utf8mb4_general_ci;

--
-- Despejando dados para a tabela `boletins`
--

INSERT INTO `boletins` (`id_boletins`, `id_matriculas`, `notas`, `media_final`, `situacao_final`, `frequencia`, `id_avaliacoes`) VALUES
(1, 251, 0.00, 0.00, 'REPROVADO', 100.00, 1),
(2, 252, 0.00, 0.00, 'APROVADO', 100.00, 2),
(3, 253, 0.00, 0.00, 'REPROVADO', 100.00, 3),
(4, 254, 0.00, 0.00, 'APROVADO', 100.00, 4),
(5, 255, 0.00, 0.00, 'REPROVADO', 100.00, 5),
(6, 256, 0.00, 0.00, 'APROVADO', 100.00, 6),
(7, 257, 0.00, 0.00, 'REPROVADO', 100.00, 7),
(8, 258, 0.00, 0.00, 'APROVADO', 100.00, 8),
(9, 259, 0.00, 0.00, 'REPROVADO', 100.00, 9),
(10, 260, 0.00, 0.00, 'APROVADO', 100.00, 10),
(11, 261, 0.00, 0.00, 'REPROVADO', 100.00, 11),
(12, 262, 0.00, 0.00, 'APROVADO', 100.00, 12),
(13, 263, 0.00, 0.00, 'REPROVADO', 100.00, 13),
(14, 264, 0.00, 0.00, 'APROVADO', 100.00, 14),
(15, 265, 0.00, 0.00, 'REPROVADO', 100.00, 15),
(16, 266, 0.00, 0.00, 'APROVADO', 100.00, 16),
(17, 267, 0.00, 0.00, 'REPROVADO', 100.00, 17),
(18, 268, 0.00, 0.00, 'APROVADO', 100.00, 18),
(19, 269, 0.00, 0.00, 'REPROVADO', 100.00, 19),
(20, 270, 0.00, 0.00, 'APROVADO', 100.00, 20),
(21, 271, 0.00, 0.00, 'REPROVADO', 100.00, 21),
(22, 272, 0.00, 0.00, 'APROVADO', 100.00, 22),
(23, 273, 0.00, 0.00, 'REPROVADO', 100.00, 23),
(24, 274, 0.00, 0.00, 'APROVADO', 100.00, 24),
(25, 275, 0.00, 0.00, 'REPROVADO', 100.00, 25),
(26, 276, 0.00, 0.00, 'APROVADO', 100.00, 26),
(27, 277, 0.00, 0.00, 'REPROVADO', 100.00, 27),
(28, 278, 0.00, 0.00, 'APROVADO', 100.00, 28),
(29, 279, 0.00, 0.00, 'REPROVADO', 100.00, 29),
(30, 280, 0.00, 0.00, 'APROVADO', 100.00, 30),
(31, 281, 0.00, 0.00, 'REPROVADO', 100.00, 31),
(32, 282, 0.00, 0.00, 'APROVADO', 100.00, 32),
(33, 283, 0.00, 0.00, 'REPROVADO', 100.00, 33),
(34, 284, 0.00, 0.00, 'APROVADO', 100.00, 34),
(35, 285, 0.00, 0.00, 'REPROVADO', 100.00, 35),
(36, 286, 0.00, 0.00, 'APROVADO', 100.00, 36),
(37, 287, 0.00, 0.00, 'REPROVADO', 100.00, 37),
(38, 288, 0.00, 0.00, 'APROVADO', 100.00, 38),
(39, 289, 0.00, 0.00, 'REPROVADO', 100.00, 39),
(40, 290, 0.00, 0.00, 'APROVADO', 100.00, 40),
(41, 291, 0.00, 0.00, 'REPROVADO', 100.00, 41),
(42, 292, 0.00, 0.00, 'APROVADO', 100.00, 42),
(43, 293, 0.00, 0.00, 'REPROVADO', 100.00, 43),
(44, 294, 0.00, 0.00, 'APROVADO', 100.00, 44),
(45, 295, 0.00, 0.00, 'REPROVADO', 100.00, 45),
(46, 296, 0.00, 0.00, 'APROVADO', 100.00, 46),
(47, 297, 0.00, 0.00, 'REPROVADO', 100.00, 47),
(48, 298, 0.00, 0.00, 'APROVADO', 100.00, 48),
(49, 299, 0.00, 0.00, 'REPROVADO', 100.00, 49),
(50, 300, 0.00, 0.00, 'APROVADO', 100.00, 50),
(51, 301, 0.00, 0.00, 'REPROVADO', 100.00, 51),
(52, 302, 0.00, 0.00, 'APROVADO', 100.00, 52),
(53, 303, 0.00, 0.00, 'REPROVADO', 100.00, 53),
(54, 304, 0.00, 0.00, 'APROVADO', 100.00, 54),
(55, 305, 0.00, 0.00, 'REPROVADO', 100.00, 55),
(56, 306, 0.00, 0.00, 'APROVADO', 100.00, 56),
(57, 307, 0.00, 0.00, 'REPROVADO', 100.00, 57),
(58, 308, 0.00, 0.00, 'APROVADO', 100.00, 58),
(59, 309, 0.00, 0.00, 'REPROVADO', 100.00, 59),
(60, 310, 0.00, 0.00, 'APROVADO', 100.00, 60),
(61, 311, 0.00, 0.00, 'REPROVADO', 100.00, 61),
(62, 312, 0.00, 0.00, 'APROVADO', 100.00, 62),
(63, 313, 0.00, 0.00, 'REPROVADO', 100.00, 63),
(64, 314, 0.00, 0.00, 'APROVADO', 100.00, 64),
(65, 315, 0.00, 0.00, 'REPROVADO', 100.00, 65),
(66, 316, 0.00, 0.00, 'APROVADO', 100.00, 66),
(67, 317, 0.00, 0.00, 'REPROVADO', 100.00, 67),
(68, 318, 0.00, 0.00, 'APROVADO', 100.00, 68),
(69, 319, 0.00, 0.00, 'REPROVADO', 100.00, 69),
(70, 320, 0.00, 0.00, 'APROVADO', 100.00, 70),
(71, 321, 0.00, 0.00, 'REPROVADO', 100.00, 71),
(72, 322, 0.00, 0.00, 'APROVADO', 100.00, 72),
(73, 323, 0.00, 0.00, 'REPROVADO', 100.00, 73),
(74, 324, 0.00, 0.00, 'APROVADO', 100.00, 74),
(75, 325, 0.00, 0.00, 'REPROVADO', 100.00, 75),
(76, 326, 0.00, 0.00, 'APROVADO', 100.00, 76),
(77, 327, 0.00, 0.00, 'REPROVADO', 100.00, 77),
(78, 328, 0.00, 0.00, 'APROVADO', 100.00, 78),
(79, 329, 0.00, 0.00, 'REPROVADO', 100.00, 79),
(80, 330, 0.00, 0.00, 'APROVADO', 100.00, 80),
(81, 331, 0.00, 0.00, 'REPROVADO', 100.00, 81),
(82, 332, 0.00, 0.00, 'APROVADO', 100.00, 82),
(83, 333, 0.00, 0.00, 'REPROVADO', 100.00, 83),
(84, 334, 0.00, 0.00, 'APROVADO', 100.00, 84),
(85, 335, 0.00, 0.00, 'REPROVADO', 100.00, 85),
(86, 336, 0.00, 0.00, 'APROVADO', 100.00, 86),
(87, 337, 0.00, 0.00, 'REPROVADO', 100.00, 87),
(88, 338, 0.00, 0.00, 'APROVADO', 100.00, 88),
(89, 339, 0.00, 0.00, 'REPROVADO', 100.00, 89),
(90, 340, 0.00, 0.00, 'APROVADO', 100.00, 90),
(91, 341, 0.00, 0.00, 'REPROVADO', 100.00, 91),
(92, 342, 0.00, 0.00, 'APROVADO', 100.00, 92),
(93, 343, 0.00, 0.00, 'REPROVADO', 100.00, 93),
(94, 344, 0.00, 0.00, 'APROVADO', 100.00, 94),
(95, 345, 0.00, 0.00, 'REPROVADO', 100.00, 95),
(96, 346, 0.00, 0.00, 'APROVADO', 100.00, 96),
(97, 347, 0.00, 0.00, 'REPROVADO', 100.00, 97),
(98, 348, 0.00, 0.00, 'APROVADO', 100.00, 98),
(99, 349, 0.00, 0.00, 'REPROVADO', 100.00, 99),
(100, 350, 0.00, 0.00, 'APROVADO', 100.00, 100),
(101, 351, 0.00, 0.00, 'REPROVADO', 100.00, 101),
(102, 352, 0.00, 0.00, 'APROVADO', 100.00, 102),
(103, 353, 0.00, 0.00, 'REPROVADO', 100.00, 103),
(104, 354, 0.00, 0.00, 'APROVADO', 100.00, 104),
(105, 355, 0.00, 0.00, 'REPROVADO', 100.00, 105),
(106, 356, 0.00, 0.00, 'APROVADO', 100.00, 106),
(107, 357, 0.00, 0.00, 'REPROVADO', 100.00, 107),
(108, 358, 0.00, 0.00, 'APROVADO', 100.00, 108),
(109, 359, 0.00, 0.00, 'REPROVADO', 100.00, 109),
(110, 360, 0.00, 0.00, 'APROVADO', 100.00, 110),
(111, 361, 0.00, 0.00, 'REPROVADO', 100.00, 111),
(112, 362, 0.00, 0.00, 'APROVADO', 100.00, 112),
(113, 363, 0.00, 0.00, 'REPROVADO', 100.00, 113),
(114, 364, 0.00, 0.00, 'APROVADO', 100.00, 114),
(115, 365, 0.00, 0.00, 'REPROVADO', 100.00, 115),
(116, 366, 0.00, 0.00, 'APROVADO', 100.00, 116),
(117, 367, 0.00, 0.00, 'REPROVADO', 100.00, 117),
(118, 368, 0.00, 0.00, 'APROVADO', 100.00, 118),
(119, 369, 0.00, 0.00, 'REPROVADO', 100.00, 119),
(120, 370, 0.00, 0.00, 'APROVADO', 100.00, 120),
(121, 371, 0.00, 0.00, 'REPROVADO', 100.00, 121),
(122, 372, 0.00, 0.00, 'APROVADO', 100.00, 122),
(123, 373, 0.00, 0.00, 'REPROVADO', 100.00, 123),
(124, 374, 0.00, 0.00, 'APROVADO', 100.00, 124),
(125, 375, 0.00, 0.00, 'REPROVADO', 100.00, 125),
(126, 376, 0.00, 0.00, 'APROVADO', 100.00, 126),
(127, 377, 0.00, 0.00, 'REPROVADO', 100.00, 127),
(128, 378, 0.00, 0.00, 'APROVADO', 100.00, 128),
(129, 379, 0.00, 0.00, 'REPROVADO', 100.00, 129),
(130, 380, 0.00, 0.00, 'APROVADO', 100.00, 130),
(131, 381, 0.00, 0.00, 'REPROVADO', 100.00, 131),
(132, 382, 0.00, 0.00, 'APROVADO', 100.00, 132),
(133, 383, 0.00, 0.00, 'REPROVADO', 100.00, 133),
(134, 384, 0.00, 0.00, 'APROVADO', 100.00, 134),
(135, 385, 0.00, 0.00, 'REPROVADO', 100.00, 135),
(136, 386, 0.00, 0.00, 'APROVADO', 100.00, 136),
(137, 387, 0.00, 0.00, 'REPROVADO', 100.00, 137),
(138, 388, 0.00, 0.00, 'APROVADO', 100.00, 138),
(139, 389, 0.00, 0.00, 'REPROVADO', 100.00, 139),
(140, 390, 0.00, 0.00, 'APROVADO', 100.00, 140),
(141, 391, 0.00, 0.00, 'REPROVADO', 100.00, 141),
(142, 392, 0.00, 0.00, 'APROVADO', 100.00, 142),
(143, 393, 0.00, 0.00, 'REPROVADO', 100.00, 143),
(144, 394, 0.00, 0.00, 'APROVADO', 100.00, 144),
(145, 395, 0.00, 0.00, 'REPROVADO', 100.00, 145),
(146, 396, 0.00, 0.00, 'APROVADO', 100.00, 146),
(147, 397, 0.00, 0.00, 'REPROVADO', 100.00, 147),
(148, 398, 0.00, 0.00, 'APROVADO', 100.00, 148),
(149, 399, 0.00, 0.00, 'REPROVADO', 100.00, 149),
(150, 400, 0.00, 0.00, 'APROVADO', 100.00, 150),
(151, 401, 0.00, 0.00, 'REPROVADO', 100.00, 151),
(152, 402, 0.00, 0.00, 'APROVADO', 100.00, 152),
(153, 403, 0.00, 0.00, 'REPROVADO', 100.00, 153),
(154, 404, 0.00, 0.00, 'APROVADO', 100.00, 154),
(155, 405, 0.00, 0.00, 'REPROVADO', 100.00, 155),
(156, 406, 0.00, 0.00, 'APROVADO', 100.00, 156),
(157, 407, 0.00, 0.00, 'REPROVADO', 100.00, 157),
(158, 408, 0.00, 0.00, 'APROVADO', 100.00, 158),
(159, 409, 0.00, 0.00, 'REPROVADO', 100.00, 159),
(160, 410, 0.00, 0.00, 'APROVADO', 100.00, 160),
(161, 411, 0.00, 0.00, 'REPROVADO', 100.00, 161),
(162, 412, 0.00, 0.00, 'APROVADO', 100.00, 162),
(163, 413, 0.00, 0.00, 'REPROVADO', 100.00, 163),
(164, 414, 0.00, 0.00, 'APROVADO', 100.00, 164),
(165, 415, 0.00, 0.00, 'REPROVADO', 100.00, 165),
(166, 416, 0.00, 0.00, 'APROVADO', 100.00, 166),
(167, 417, 0.00, 0.00, 'REPROVADO', 100.00, 167),
(168, 418, 0.00, 0.00, 'APROVADO', 100.00, 168),
(169, 419, 0.00, 0.00, 'REPROVADO', 100.00, 169),
(170, 420, 0.00, 0.00, 'APROVADO', 100.00, 170),
(171, 421, 0.00, 0.00, 'REPROVADO', 100.00, 171),
(172, 422, 0.00, 0.00, 'APROVADO', 100.00, 172),
(173, 423, 0.00, 0.00, 'REPROVADO', 100.00, 173),
(174, 424, 0.00, 0.00, 'APROVADO', 100.00, 174),
(175, 425, 0.00, 0.00, 'REPROVADO', 100.00, 175),
(176, 426, 0.00, 0.00, 'APROVADO', 100.00, 176),
(177, 427, 0.00, 0.00, 'REPROVADO', 100.00, 177),
(178, 428, 0.00, 0.00, 'APROVADO', 100.00, 178),
(179, 429, 0.00, 0.00, 'REPROVADO', 100.00, 179),
(180, 430, 0.00, 0.00, 'APROVADO', 100.00, 180),
(181, 431, 0.00, 0.00, 'REPROVADO', 100.00, 181),
(182, 432, 0.00, 0.00, 'APROVADO', 100.00, 182),
(183, 433, 0.00, 0.00, 'REPROVADO', 100.00, 183),
(184, 434, 0.00, 0.00, 'APROVADO', 100.00, 184),
(185, 435, 0.00, 0.00, 'REPROVADO', 100.00, 185),
(186, 436, 0.00, 0.00, 'APROVADO', 100.00, 186),
(187, 437, 0.00, 0.00, 'REPROVADO', 100.00, 187),
(188, 438, 0.00, 0.00, 'APROVADO', 100.00, 188),
(189, 439, 0.00, 0.00, 'REPROVADO', 100.00, 189),
(190, 440, 0.00, 0.00, 'APROVADO', 100.00, 190),
(191, 441, 0.00, 0.00, 'REPROVADO', 100.00, 191),
(192, 442, 0.00, 0.00, 'APROVADO', 100.00, 192),
(193, 443, 0.00, 0.00, 'REPROVADO', 100.00, 193),
(194, 444, 0.00, 0.00, 'APROVADO', 100.00, 194),
(195, 445, 0.00, 0.00, 'REPROVADO', 100.00, 195),
(196, 446, 0.00, 0.00, 'APROVADO', 100.00, 196),
(197, 447, 0.00, 0.00, 'REPROVADO', 100.00, 197),
(198, 448, 0.00, 0.00, 'APROVADO', 100.00, 198),
(199, 449, 0.00, 0.00, 'REPROVADO', 100.00, 199),
(200, 450, 0.00, 0.00, 'APROVADO', 100.00, 200);

-- --------------------------------------------------------

--
-- Estrutura para tabela `coordenadores`
--

CREATE TABLE `coordenadores` (
  `id_coordenadores` int(11) NOT NULL,
  `nome` varchar(120) DEFAULT NULL,
  `cpf` char(11) DEFAULT NULL,
  `email` varchar(120) DEFAULT NULL,
  `telefone` char(14) DEFAULT NULL
) ENGINE=InnoDB DEFAULT CHARSET=utf8mb4 COLLATE=utf8mb4_general_ci;

--
-- Despejando dados para a tabela `coordenadores`
--

INSERT INTO `coordenadores` (`id_coordenadores`, `nome`, `cpf`, `email`, `telefone`) VALUES
(1, 'Carlos Henrique', '11111111111', 'carlos@escola.com', '11999990001'),
(2, 'Fernanda Lima', '22222222222', 'fernanda@escola.com', '11999990002'),
(3, 'Ricardo Souza', '33333333333', 'ricardo@escola.com', '11999990003'),
(4, 'Juliana Martins', '44444444444', 'juliana@escola.com', '11999990004'),
(5, 'Eduardo Alves', '55555555555', 'eduardo@escola.com', '11999990005');

-- --------------------------------------------------------

--
-- Estrutura para tabela `cursos`
--

CREATE TABLE `cursos` (
  `id_cursos` int(11) NOT NULL,
  `nome` varchar(120) DEFAULT NULL,
  `carga_horaria` int(11) DEFAULT NULL,
  `duracao` int(11) DEFAULT NULL,
  `descricao` varchar(120) DEFAULT NULL,
  `id_coordenadores` int(11) DEFAULT NULL
) ENGINE=InnoDB DEFAULT CHARSET=utf8mb4 COLLATE=utf8mb4_general_ci;

--
-- Despejando dados para a tabela `cursos`
--

INSERT INTO `cursos` (`id_cursos`, `nome`, `carga_horaria`, `duracao`, `descricao`, `id_coordenadores`) VALUES
(1, 'Ensino Médio - 1 Ano', NULL, NULL, NULL, NULL),
(2, 'Ensino Médio - 2 Ano', NULL, NULL, NULL, NULL),
(3, 'Ensino Médio - 3 Ano', NULL, NULL, NULL, NULL),
(4, 'Técnico em Informática', NULL, NULL, NULL, NULL),
(5, 'Técnico em Administração', NULL, NULL, NULL, NULL);

-- --------------------------------------------------------

--
-- Estrutura para tabela `disciplinas`
--

CREATE TABLE `disciplinas` (
  `id_disciplinas` int(11) NOT NULL,
  `nome` varchar(120) DEFAULT NULL,
  `carga_horaria` int(11) DEFAULT NULL,
  `id_cursos` int(11) DEFAULT NULL,
  `id_professores` int(11) DEFAULT NULL
) ENGINE=InnoDB DEFAULT CHARSET=utf8mb4 COLLATE=utf8mb4_general_ci;

--
-- Despejando dados para a tabela `disciplinas`
--

INSERT INTO `disciplinas` (`id_disciplinas`, `nome`, `carga_horaria`, `id_cursos`, `id_professores`) VALUES
(1, 'Matemática 1', 60, 1, 1),
(2, 'Português 1', 60, 1, 2),
(3, 'História 1', 60, 1, 3),
(4, 'Geografia 1', 60, 1, 4),
(5, 'Biologia 1', 60, 1, 5),
(6, 'Física 1', 60, 1, 6),
(7, 'Química 1', 60, 1, 7),
(8, 'Inglês 1', 60, 1, 8),
(9, 'Educação Física 1', 60, 1, 9),
(10, 'Filosofia 1', 60, 1, 10),
(11, 'Matemática 2', 60, 2, 1),
(12, 'Português 2', 60, 2, 2),
(13, 'História 2', 60, 2, 3),
(14, 'Geografia 2', 60, 2, 4),
(15, 'Biologia 2', 60, 2, 5),
(16, 'Física 2', 60, 2, 6),
(17, 'Química 2', 60, 2, 7),
(18, 'Inglês 2', 60, 2, 8),
(19, 'Educação Física 2', 60, 2, 9),
(20, 'Sociologia 2', 60, 2, 11),
(21, 'Matemática 3', 60, 3, 1),
(22, 'Português 3', 60, 3, 2),
(23, 'História 3', 60, 3, 3),
(24, 'Geografia 3', 60, 3, 4),
(25, 'Biologia 3', 60, 3, 5),
(26, 'Física 3', 60, 3, 6),
(27, 'Química 3', 60, 3, 7),
(28, 'Inglês 3', 60, 3, 8),
(29, 'Redação 3', 60, 3, 12),
(30, 'Filosofia 3', 60, 3, 10),
(31, 'Lógica de Programação', 80, 4, 13),
(32, 'Banco de Dados', 80, 4, 14),
(33, 'Redes de Computadores', 80, 4, 15),
(34, 'Sistemas Operacionais', 80, 4, 13),
(35, 'Desenvolvimento Web', 80, 4, 16),
(36, 'Programação Java', 80, 4, 16),
(37, 'Programação Python', 80, 4, 16),
(38, 'Manutenção de Computadores', 80, 4, 15),
(39, 'Segurança da Informação', 80, 4, 14),
(40, 'Projeto Integrador', 80, 4, 13),
(41, 'Administração Geral', 80, 5, 17),
(42, 'Contabilidade', 80, 5, 18),
(43, 'Marketing', 80, 5, 19),
(44, 'Gestão de Pessoas', 80, 5, 20),
(45, 'Economia', 80, 5, 17),
(46, 'Empreendedorismo', 80, 5, 19),
(47, 'Logística', 80, 5, 20),
(48, 'Direito Empresarial', 80, 5, 18),
(49, 'Planejamento Estratégico', 80, 5, 17),
(50, 'Projeto Final', 80, 5, 20);

-- --------------------------------------------------------

--
-- Estrutura para tabela `endereco`
--

CREATE TABLE `endereco` (
  `id_endereco` int(11) NOT NULL,
  `id_alunos` int(11) DEFAULT NULL,
  `rua` varchar(150) DEFAULT NULL,
  `bairro` varchar(150) DEFAULT NULL,
  `numero` int(11) DEFAULT NULL
) ENGINE=InnoDB DEFAULT CHARSET=utf8mb4 COLLATE=utf8mb4_general_ci;

--
-- Despejando dados para a tabela `endereco`
--

INSERT INTO `endereco` (`id_endereco`, `id_alunos`, `rua`, `bairro`, `numero`) VALUES
(1, 1, 'Rua 1', 'Centro', 1),
(2, 2, 'Rua 2', 'Centro', 2),
(3, 3, 'Rua 3', 'Centro', 3),
(4, 4, 'Rua 4', 'Centro', 4),
(5, 5, 'Rua 5', 'Centro', 5),
(6, 6, 'Rua 6', 'Centro', 6),
(7, 7, 'Rua 7', 'Centro', 7),
(8, 8, 'Rua 8', 'Centro', 8),
(9, 9, 'Rua 9', 'Centro', 9),
(10, 10, 'Rua 10', 'Centro', 10),
(11, 11, 'Rua 11', 'Centro', 11),
(12, 12, 'Rua 12', 'Centro', 12),
(13, 13, 'Rua 13', 'Centro', 13),
(14, 14, 'Rua 14', 'Centro', 14),
(15, 15, 'Rua 15', 'Centro', 15),
(16, 16, 'Rua 16', 'Centro', 16),
(17, 17, 'Rua 17', 'Centro', 17),
(18, 18, 'Rua 18', 'Centro', 18),
(19, 19, 'Rua 19', 'Centro', 19),
(20, 20, 'Rua 20', 'Centro', 20),
(21, 21, 'Rua 21', 'Centro', 21),
(22, 22, 'Rua 22', 'Centro', 22),
(23, 23, 'Rua 23', 'Centro', 23),
(24, 24, 'Rua 24', 'Centro', 24),
(25, 25, 'Rua 25', 'Centro', 25),
(26, 26, 'Rua 26', 'Centro', 26),
(27, 27, 'Rua 27', 'Centro', 27),
(28, 28, 'Rua 28', 'Centro', 28),
(29, 29, 'Rua 29', 'Centro', 29),
(30, 30, 'Rua 30', 'Centro', 30),
(31, 31, 'Rua 31', 'Centro', 31),
(32, 32, 'Rua 32', 'Centro', 32),
(33, 33, 'Rua 33', 'Centro', 33),
(34, 34, 'Rua 34', 'Centro', 34),
(35, 35, 'Rua 35', 'Centro', 35),
(36, 36, 'Rua 36', 'Centro', 36),
(37, 37, 'Rua 37', 'Centro', 37),
(38, 38, 'Rua 38', 'Centro', 38),
(39, 39, 'Rua 39', 'Centro', 39),
(40, 40, 'Rua 40', 'Centro', 40),
(41, 41, 'Rua 41', 'Centro', 41),
(42, 42, 'Rua 42', 'Centro', 42),
(43, 43, 'Rua 43', 'Centro', 43),
(44, 44, 'Rua 44', 'Centro', 44),
(45, 45, 'Rua 45', 'Centro', 45),
(46, 46, 'Rua 46', 'Centro', 46),
(47, 47, 'Rua 47', 'Centro', 47),
(48, 48, 'Rua 48', 'Centro', 48),
(49, 49, 'Rua 49', 'Centro', 49),
(50, 50, 'Rua 50', 'Centro', 50),
(51, 51, 'Rua 51', 'Jardim Satélite', 51),
(52, 52, 'Rua 52', 'Jardim Satélite', 52),
(53, 53, 'Rua 53', 'Jardim Satélite', 53),
(54, 54, 'Rua 54', 'Jardim Satélite', 54),
(55, 55, 'Rua 55', 'Jardim Satélite', 55),
(56, 56, 'Rua 56', 'Jardim Satélite', 56),
(57, 57, 'Rua 57', 'Jardim Satélite', 57),
(58, 58, 'Rua 58', 'Jardim Satélite', 58),
(59, 59, 'Rua 59', 'Jardim Satélite', 59),
(60, 60, 'Rua 60', 'Jardim Satélite', 60),
(61, 61, 'Rua 61', 'Jardim Satélite', 61),
(62, 62, 'Rua 62', 'Jardim Satélite', 62),
(63, 63, 'Rua 63', 'Jardim Satélite', 63),
(64, 64, 'Rua 64', 'Jardim Satélite', 64),
(65, 65, 'Rua 65', 'Jardim Satélite', 65),
(66, 66, 'Rua 66', 'Jardim Satélite', 66),
(67, 67, 'Rua 67', 'Jardim Satélite', 67),
(68, 68, 'Rua 68', 'Jardim Satélite', 68),
(69, 69, 'Rua 69', 'Jardim Satélite', 69),
(70, 70, 'Rua 70', 'Jardim Satélite', 70),
(71, 71, 'Rua 71', 'Jardim Satélite', 71),
(72, 72, 'Rua 72', 'Jardim Satélite', 72),
(73, 73, 'Rua 73', 'Jardim Satélite', 73),
(74, 74, 'Rua 74', 'Jardim Satélite', 74),
(75, 75, 'Rua 75', 'Jardim Satélite', 75),
(76, 76, 'Rua 76', 'Jardim Satélite', 76),
(77, 77, 'Rua 77', 'Jardim Satélite', 77),
(78, 78, 'Rua 78', 'Jardim Satélite', 78),
(79, 79, 'Rua 79', 'Jardim Satélite', 79),
(80, 80, 'Rua 80', 'Jardim Satélite', 80),
(81, 81, 'Rua 81', 'Jardim Satélite', 81),
(82, 82, 'Rua 82', 'Jardim Satélite', 82),
(83, 83, 'Rua 83', 'Jardim Satélite', 83),
(84, 84, 'Rua 84', 'Jardim Satélite', 84),
(85, 85, 'Rua 85', 'Jardim Satélite', 85),
(86, 86, 'Rua 86', 'Jardim Satélite', 86),
(87, 87, 'Rua 87', 'Jardim Satélite', 87),
(88, 88, 'Rua 88', 'Jardim Satélite', 88),
(89, 89, 'Rua 89', 'Jardim Satélite', 89),
(90, 90, 'Rua 90', 'Jardim Satélite', 90),
(91, 91, 'Rua 91', 'Jardim Satélite', 91),
(92, 92, 'Rua 92', 'Jardim Satélite', 92),
(93, 93, 'Rua 93', 'Jardim Satélite', 93),
(94, 94, 'Rua 94', 'Jardim Satélite', 94),
(95, 95, 'Rua 95', 'Jardim Satélite', 95),
(96, 96, 'Rua 96', 'Jardim Satélite', 96),
(97, 97, 'Rua 97', 'Jardim Satélite', 97),
(98, 98, 'Rua 98', 'Jardim Satélite', 98),
(99, 99, 'Rua 99', 'Jardim Satélite', 99),
(100, 100, 'Rua 100', 'Jardim Satélite', 100),
(101, 101, 'Rua 101', 'Vila Industrial', 101),
(102, 102, 'Rua 102', 'Vila Industrial', 102),
(103, 103, 'Rua 103', 'Vila Industrial', 103),
(104, 104, 'Rua 104', 'Vila Industrial', 104),
(105, 105, 'Rua 105', 'Vila Industrial', 105),
(106, 106, 'Rua 106', 'Vila Industrial', 106),
(107, 107, 'Rua 107', 'Vila Industrial', 107),
(108, 108, 'Rua 108', 'Vila Industrial', 108),
(109, 109, 'Rua 109', 'Vila Industrial', 109),
(110, 110, 'Rua 110', 'Vila Industrial', 110),
(111, 111, 'Rua 111', 'Vila Industrial', 111),
(112, 112, 'Rua 112', 'Vila Industrial', 112),
(113, 113, 'Rua 113', 'Vila Industrial', 113),
(114, 114, 'Rua 114', 'Vila Industrial', 114),
(115, 115, 'Rua 115', 'Vila Industrial', 115),
(116, 116, 'Rua 116', 'Vila Industrial', 116),
(117, 117, 'Rua 117', 'Vila Industrial', 117),
(118, 118, 'Rua 118', 'Vila Industrial', 118),
(119, 119, 'Rua 119', 'Vila Industrial', 119),
(120, 120, 'Rua 120', 'Vila Industrial', 120),
(121, 121, 'Rua 121', 'Vila Industrial', 121),
(122, 122, 'Rua 122', 'Vila Industrial', 122),
(123, 123, 'Rua 123', 'Vila Industrial', 123),
(124, 124, 'Rua 124', 'Vila Industrial', 124),
(125, 125, 'Rua 125', 'Vila Industrial', 125),
(126, 126, 'Rua 126', 'Vila Industrial', 126),
(127, 127, 'Rua 127', 'Vila Industrial', 127),
(128, 128, 'Rua 128', 'Vila Industrial', 128),
(129, 129, 'Rua 129', 'Vila Industrial', 129),
(130, 130, 'Rua 130', 'Vila Industrial', 130),
(131, 131, 'Rua 131', 'Vila Industrial', 131),
(132, 132, 'Rua 132', 'Vila Industrial', 132),
(133, 133, 'Rua 133', 'Vila Industrial', 133),
(134, 134, 'Rua 134', 'Vila Industrial', 134),
(135, 135, 'Rua 135', 'Vila Industrial', 135),
(136, 136, 'Rua 136', 'Vila Industrial', 136),
(137, 137, 'Rua 137', 'Vila Industrial', 137),
(138, 138, 'Rua 138', 'Vila Industrial', 138),
(139, 139, 'Rua 139', 'Vila Industrial', 139),
(140, 140, 'Rua 140', 'Vila Industrial', 140),
(141, 141, 'Rua 141', 'Vila Industrial', 141),
(142, 142, 'Rua 142', 'Vila Industrial', 142),
(143, 143, 'Rua 143', 'Vila Industrial', 143),
(144, 144, 'Rua 144', 'Vila Industrial', 144),
(145, 145, 'Rua 145', 'Vila Industrial', 145),
(146, 146, 'Rua 146', 'Vila Industrial', 146),
(147, 147, 'Rua 147', 'Vila Industrial', 147),
(148, 148, 'Rua 148', 'Vila Industrial', 148),
(149, 149, 'Rua 149', 'Vila Industrial', 149),
(150, 150, 'Rua 150', 'Vila Industrial', 150),
(151, 151, 'Rua 151', 'Bosque', 151),
(152, 152, 'Rua 152', 'Bosque', 152),
(153, 153, 'Rua 153', 'Bosque', 153),
(154, 154, 'Rua 154', 'Bosque', 154),
(155, 155, 'Rua 155', 'Bosque', 155),
(156, 156, 'Rua 156', 'Bosque', 156),
(157, 157, 'Rua 157', 'Bosque', 157),
(158, 158, 'Rua 158', 'Bosque', 158),
(159, 159, 'Rua 159', 'Bosque', 159),
(160, 160, 'Rua 160', 'Bosque', 160),
(161, 161, 'Rua 161', 'Bosque', 161),
(162, 162, 'Rua 162', 'Bosque', 162),
(163, 163, 'Rua 163', 'Bosque', 163),
(164, 164, 'Rua 164', 'Bosque', 164),
(165, 165, 'Rua 165', 'Bosque', 165),
(166, 166, 'Rua 166', 'Bosque', 166),
(167, 167, 'Rua 167', 'Bosque', 167),
(168, 168, 'Rua 168', 'Bosque', 168),
(169, 169, 'Rua 169', 'Bosque', 169),
(170, 170, 'Rua 170', 'Bosque', 170),
(171, 171, 'Rua 171', 'Bosque', 171),
(172, 172, 'Rua 172', 'Bosque', 172),
(173, 173, 'Rua 173', 'Bosque', 173),
(174, 174, 'Rua 174', 'Bosque', 174),
(175, 175, 'Rua 175', 'Bosque', 175),
(176, 176, 'Rua 176', 'Bosque', 176),
(177, 177, 'Rua 177', 'Bosque', 177),
(178, 178, 'Rua 178', 'Bosque', 178),
(179, 179, 'Rua 179', 'Bosque', 179),
(180, 180, 'Rua 180', 'Bosque', 180),
(181, 181, 'Rua 181', 'Bosque', 181),
(182, 182, 'Rua 182', 'Bosque', 182),
(183, 183, 'Rua 183', 'Bosque', 183),
(184, 184, 'Rua 184', 'Bosque', 184),
(185, 185, 'Rua 185', 'Bosque', 185),
(186, 186, 'Rua 186', 'Bosque', 186),
(187, 187, 'Rua 187', 'Bosque', 187),
(188, 188, 'Rua 188', 'Bosque', 188),
(189, 189, 'Rua 189', 'Bosque', 189),
(190, 190, 'Rua 190', 'Bosque', 190),
(191, 191, 'Rua 191', 'Bosque', 191),
(192, 192, 'Rua 192', 'Bosque', 192),
(193, 193, 'Rua 193', 'Bosque', 193),
(194, 194, 'Rua 194', 'Bosque', 194),
(195, 195, 'Rua 195', 'Bosque', 195),
(196, 196, 'Rua 196', 'Bosque', 196),
(197, 197, 'Rua 197', 'Bosque', 197),
(198, 198, 'Rua 198', 'Bosque', 198),
(199, 199, 'Rua 199', 'Bosque', 199),
(200, 200, 'Rua 200', 'Bosque', 200),
(201, 201, 'Rua 201', 'Aquarius', 201),
(202, 202, 'Rua 202', 'Aquarius', 202),
(203, 203, 'Rua 203', 'Aquarius', 203),
(204, 204, 'Rua 204', 'Aquarius', 204),
(205, 205, 'Rua 205', 'Aquarius', 205),
(206, 206, 'Rua 206', 'Aquarius', 206),
(207, 207, 'Rua 207', 'Aquarius', 207),
(208, 208, 'Rua 208', 'Aquarius', 208),
(209, 209, 'Rua 209', 'Aquarius', 209),
(210, 210, 'Rua 210', 'Aquarius', 210),
(211, 211, 'Rua 211', 'Aquarius', 211),
(212, 212, 'Rua 212', 'Aquarius', 212),
(213, 213, 'Rua 213', 'Aquarius', 213),
(214, 214, 'Rua 214', 'Aquarius', 214),
(215, 215, 'Rua 215', 'Aquarius', 215),
(216, 216, 'Rua 216', 'Aquarius', 216),
(217, 217, 'Rua 217', 'Aquarius', 217),
(218, 218, 'Rua 218', 'Aquarius', 218),
(219, 219, 'Rua 219', 'Aquarius', 219),
(220, 220, 'Rua 220', 'Aquarius', 220),
(221, 221, 'Rua 221', 'Aquarius', 221),
(222, 222, 'Rua 222', 'Aquarius', 222),
(223, 223, 'Rua 223', 'Aquarius', 223),
(224, 224, 'Rua 224', 'Aquarius', 224),
(225, 225, 'Rua 225', 'Aquarius', 225),
(226, 226, 'Rua 226', 'Aquarius', 226),
(227, 227, 'Rua 227', 'Aquarius', 227),
(228, 228, 'Rua 228', 'Aquarius', 228),
(229, 229, 'Rua 229', 'Aquarius', 229),
(230, 230, 'Rua 230', 'Aquarius', 230),
(231, 231, 'Rua 231', 'Aquarius', 231),
(232, 232, 'Rua 232', 'Aquarius', 232),
(233, 233, 'Rua 233', 'Aquarius', 233),
(234, 234, 'Rua 234', 'Aquarius', 234),
(235, 235, 'Rua 235', 'Aquarius', 235),
(236, 236, 'Rua 236', 'Aquarius', 236),
(237, 237, 'Rua 237', 'Aquarius', 237),
(238, 238, 'Rua 238', 'Aquarius', 238),
(239, 239, 'Rua 239', 'Aquarius', 239),
(240, 240, 'Rua 240', 'Aquarius', 240),
(241, 241, 'Rua 241', 'Aquarius', 241),
(242, 242, 'Rua 242', 'Aquarius', 242),
(243, 243, 'Rua 243', 'Aquarius', 243),
(244, 244, 'Rua 244', 'Aquarius', 244),
(245, 245, 'Rua 245', 'Aquarius', 245),
(246, 246, 'Rua 246', 'Aquarius', 246),
(247, 247, 'Rua 247', 'Aquarius', 247),
(248, 248, 'Rua 248', 'Aquarius', 248),
(249, 249, 'Rua 249', 'Aquarius', 249),
(250, 250, 'Rua 250', 'Aquarius', 250);

-- --------------------------------------------------------

--
-- Estrutura para tabela `matriculas`
--

CREATE TABLE `matriculas` (
  `id_matriculas` int(11) NOT NULL,
  `data_matricula` date DEFAULT NULL,
  `situacao` varchar(120) DEFAULT NULL,
  `id_aluno` int(11) DEFAULT NULL,
  `id_turma` int(11) DEFAULT NULL
) ENGINE=InnoDB DEFAULT CHARSET=utf8mb4 COLLATE=utf8mb4_general_ci;

--
-- Despejando dados para a tabela `matriculas`
--

INSERT INTO `matriculas` (`id_matriculas`, `data_matricula`, `situacao`, `id_aluno`, `id_turma`) VALUES
(251, '2026-01-10', 'Ativo', 1, 1),
(252, '2026-01-10', 'Ativo', 2, 1),
(253, '2026-01-10', 'Ativo', 3, 1),
(254, '2026-01-10', 'Ativo', 4, 1),
(255, '2026-01-10', 'Ativo', 5, 1),
(256, '2026-01-10', 'Ativo', 6, 1),
(257, '2026-01-10', 'Ativo', 7, 1),
(258, '2026-01-10', 'Ativo', 8, 1),
(259, '2026-01-10', 'Ativo', 9, 1),
(260, '2026-01-10', 'Ativo', 10, 1),
(261, '2026-01-10', 'Ativo', 11, 1),
(262, '2026-01-10', 'Ativo', 12, 1),
(263, '2026-01-10', 'Ativo', 13, 1),
(264, '2026-01-10', 'Ativo', 14, 1),
(265, '2026-01-10', 'Ativo', 15, 1),
(266, '2026-01-10', 'Ativo', 16, 1),
(267, '2026-01-10', 'Ativo', 17, 1),
(268, '2026-01-10', 'Ativo', 18, 1),
(269, '2026-01-10', 'Ativo', 19, 1),
(270, '2026-01-10', 'Ativo', 20, 1),
(271, '2026-01-10', 'Ativo', 21, 1),
(272, '2026-01-10', 'Ativo', 22, 1),
(273, '2026-01-10', 'Ativo', 23, 1),
(274, '2026-01-10', 'Ativo', 24, 1),
(275, '2026-01-10', 'Ativo', 25, 1),
(276, '2026-01-10', 'Ativo', 26, 1),
(277, '2026-01-10', 'Ativo', 27, 1),
(278, '2026-01-10', 'Ativo', 28, 1),
(279, '2026-01-10', 'Ativo', 29, 1),
(280, '2026-01-10', 'Ativo', 30, 1),
(281, '2026-01-10', 'Ativo', 31, 1),
(282, '2026-01-10', 'Ativo', 32, 1),
(283, '2026-01-10', 'Ativo', 33, 1),
(284, '2026-01-10', 'Ativo', 34, 1),
(285, '2026-01-10', 'Ativo', 35, 1),
(286, '2026-01-10', 'Ativo', 36, 1),
(287, '2026-01-10', 'Ativo', 37, 1),
(288, '2026-01-10', 'Ativo', 38, 1),
(289, '2026-01-10', 'Ativo', 39, 1),
(290, '2026-01-10', 'Ativo', 40, 1),
(291, '2026-01-10', 'Ativo', 41, 1),
(292, '2026-01-10', 'Ativo', 42, 1),
(293, '2026-01-10', 'Ativo', 43, 1),
(294, '2026-01-10', 'Ativo', 44, 1),
(295, '2026-01-10', 'Ativo', 45, 1),
(296, '2026-01-10', 'Ativo', 46, 1),
(297, '2026-01-10', 'Ativo', 47, 1),
(298, '2026-01-10', 'Ativo', 48, 1),
(299, '2026-01-10', 'Ativo', 49, 1),
(300, '2026-01-10', 'Ativo', 50, 1),
(301, '2026-01-10', 'Ativo', 51, 2),
(302, '2026-01-10', 'Ativo', 52, 2),
(303, '2026-01-10', 'Ativo', 53, 2),
(304, '2026-01-10', 'Ativo', 54, 2),
(305, '2026-01-10', 'Ativo', 55, 2),
(306, '2026-01-10', 'Ativo', 56, 2),
(307, '2026-01-10', 'Ativo', 57, 2),
(308, '2026-01-10', 'Ativo', 58, 2),
(309, '2026-01-10', 'Ativo', 59, 2),
(310, '2026-01-10', 'Ativo', 60, 2),
(311, '2026-01-10', 'Ativo', 61, 2),
(312, '2026-01-10', 'Ativo', 62, 2),
(313, '2026-01-10', 'Ativo', 63, 2),
(314, '2026-01-10', 'Ativo', 64, 2),
(315, '2026-01-10', 'Ativo', 65, 2),
(316, '2026-01-10', 'Ativo', 66, 2),
(317, '2026-01-10', 'Ativo', 67, 2),
(318, '2026-01-10', 'Ativo', 68, 2),
(319, '2026-01-10', 'Ativo', 69, 2),
(320, '2026-01-10', 'Ativo', 70, 2),
(321, '2026-01-10', 'Ativo', 71, 2),
(322, '2026-01-10', 'Ativo', 72, 2),
(323, '2026-01-10', 'Ativo', 73, 2),
(324, '2026-01-10', 'Ativo', 74, 2),
(325, '2026-01-10', 'Ativo', 75, 2),
(326, '2026-01-10', 'Ativo', 76, 2),
(327, '2026-01-10', 'Ativo', 77, 2),
(328, '2026-01-10', 'Ativo', 78, 2),
(329, '2026-01-10', 'Ativo', 79, 2),
(330, '2026-01-10', 'Ativo', 80, 2),
(331, '2026-01-10', 'Ativo', 81, 2),
(332, '2026-01-10', 'Ativo', 82, 2),
(333, '2026-01-10', 'Ativo', 83, 2),
(334, '2026-01-10', 'Ativo', 84, 2),
(335, '2026-01-10', 'Ativo', 85, 2),
(336, '2026-01-10', 'Ativo', 86, 2),
(337, '2026-01-10', 'Ativo', 87, 2),
(338, '2026-01-10', 'Ativo', 88, 2),
(339, '2026-01-10', 'Ativo', 89, 2),
(340, '2026-01-10', 'Ativo', 90, 2),
(341, '2026-01-10', 'Ativo', 91, 2),
(342, '2026-01-10', 'Ativo', 92, 2),
(343, '2026-01-10', 'Ativo', 93, 2),
(344, '2026-01-10', 'Ativo', 94, 2),
(345, '2026-01-10', 'Ativo', 95, 2),
(346, '2026-01-10', 'Ativo', 96, 2),
(347, '2026-01-10', 'Ativo', 97, 2),
(348, '2026-01-10', 'Ativo', 98, 2),
(349, '2026-01-10', 'Ativo', 99, 2),
(350, '2026-01-10', 'Ativo', 100, 2),
(351, '2026-01-10', 'Ativo', 101, 3),
(352, '2026-01-10', 'Ativo', 102, 3),
(353, '2026-01-10', 'Ativo', 103, 3),
(354, '2026-01-10', 'Ativo', 104, 3),
(355, '2026-01-10', 'Ativo', 105, 3),
(356, '2026-01-10', 'Ativo', 106, 3),
(357, '2026-01-10', 'Ativo', 107, 3),
(358, '2026-01-10', 'Ativo', 108, 3),
(359, '2026-01-10', 'Ativo', 109, 3),
(360, '2026-01-10', 'Ativo', 110, 3),
(361, '2026-01-10', 'Ativo', 111, 3),
(362, '2026-01-10', 'Ativo', 112, 3),
(363, '2026-01-10', 'Ativo', 113, 3),
(364, '2026-01-10', 'Ativo', 114, 3),
(365, '2026-01-10', 'Ativo', 115, 3),
(366, '2026-01-10', 'Ativo', 116, 3),
(367, '2026-01-10', 'Ativo', 117, 3),
(368, '2026-01-10', 'Ativo', 118, 3),
(369, '2026-01-10', 'Ativo', 119, 3),
(370, '2026-01-10', 'Ativo', 120, 3),
(371, '2026-01-10', 'Ativo', 121, 3),
(372, '2026-01-10', 'Ativo', 122, 3),
(373, '2026-01-10', 'Ativo', 123, 3),
(374, '2026-01-10', 'Ativo', 124, 3),
(375, '2026-01-10', 'Ativo', 125, 3),
(376, '2026-01-10', 'Ativo', 126, 3),
(377, '2026-01-10', 'Ativo', 127, 3),
(378, '2026-01-10', 'Ativo', 128, 3),
(379, '2026-01-10', 'Ativo', 129, 3),
(380, '2026-01-10', 'Ativo', 130, 3),
(381, '2026-01-10', 'Ativo', 131, 3),
(382, '2026-01-10', 'Ativo', 132, 3),
(383, '2026-01-10', 'Ativo', 133, 3),
(384, '2026-01-10', 'Ativo', 134, 3),
(385, '2026-01-10', 'Ativo', 135, 3),
(386, '2026-01-10', 'Ativo', 136, 3),
(387, '2026-01-10', 'Ativo', 137, 3),
(388, '2026-01-10', 'Ativo', 138, 3),
(389, '2026-01-10', 'Ativo', 139, 3),
(390, '2026-01-10', 'Ativo', 140, 3),
(391, '2026-01-10', 'Ativo', 141, 3),
(392, '2026-01-10', 'Ativo', 142, 3),
(393, '2026-01-10', 'Ativo', 143, 3),
(394, '2026-01-10', 'Ativo', 144, 3),
(395, '2026-01-10', 'Ativo', 145, 3),
(396, '2026-01-10', 'Ativo', 146, 3),
(397, '2026-01-10', 'Ativo', 147, 3),
(398, '2026-01-10', 'Ativo', 148, 3),
(399, '2026-01-10', 'Ativo', 149, 3),
(400, '2026-01-10', 'Ativo', 150, 3),
(401, '2026-01-10', 'Ativo', 151, 4),
(402, '2026-01-10', 'Ativo', 152, 4),
(403, '2026-01-10', 'Ativo', 153, 4),
(404, '2026-01-10', 'Ativo', 154, 4),
(405, '2026-01-10', 'Ativo', 155, 4),
(406, '2026-01-10', 'Ativo', 156, 4),
(407, '2026-01-10', 'Ativo', 157, 4),
(408, '2026-01-10', 'Ativo', 158, 4),
(409, '2026-01-10', 'Ativo', 159, 4),
(410, '2026-01-10', 'Ativo', 160, 4),
(411, '2026-01-10', 'Ativo', 161, 4),
(412, '2026-01-10', 'Ativo', 162, 4),
(413, '2026-01-10', 'Ativo', 163, 4),
(414, '2026-01-10', 'Ativo', 164, 4),
(415, '2026-01-10', 'Ativo', 165, 4),
(416, '2026-01-10', 'Ativo', 166, 4),
(417, '2026-01-10', 'Ativo', 167, 4),
(418, '2026-01-10', 'Ativo', 168, 4),
(419, '2026-01-10', 'Ativo', 169, 4),
(420, '2026-01-10', 'Ativo', 170, 4),
(421, '2026-01-10', 'Ativo', 171, 4),
(422, '2026-01-10', 'Ativo', 172, 4),
(423, '2026-01-10', 'Ativo', 173, 4),
(424, '2026-01-10', 'Ativo', 174, 4),
(425, '2026-01-10', 'Ativo', 175, 4),
(426, '2026-01-10', 'Ativo', 176, 4),
(427, '2026-01-10', 'Ativo', 177, 4),
(428, '2026-01-10', 'Ativo', 178, 4),
(429, '2026-01-10', 'Ativo', 179, 4),
(430, '2026-01-10', 'Ativo', 180, 4),
(431, '2026-01-10', 'Ativo', 181, 4),
(432, '2026-01-10', 'Ativo', 182, 4),
(433, '2026-01-10', 'Ativo', 183, 4),
(434, '2026-01-10', 'Ativo', 184, 4),
(435, '2026-01-10', 'Ativo', 185, 4),
(436, '2026-01-10', 'Ativo', 186, 4),
(437, '2026-01-10', 'Ativo', 187, 4),
(438, '2026-01-10', 'Ativo', 188, 4),
(439, '2026-01-10', 'Ativo', 189, 4),
(440, '2026-01-10', 'Ativo', 190, 4),
(441, '2026-01-10', 'Ativo', 191, 4),
(442, '2026-01-10', 'Ativo', 192, 4),
(443, '2026-01-10', 'Ativo', 193, 4),
(444, '2026-01-10', 'Ativo', 194, 4),
(445, '2026-01-10', 'Ativo', 195, 4),
(446, '2026-01-10', 'Ativo', 196, 4),
(447, '2026-01-10', 'Ativo', 197, 4),
(448, '2026-01-10', 'Ativo', 198, 4),
(449, '2026-01-10', 'Ativo', 199, 4),
(450, '2026-01-10', 'Ativo', 200, 4),
(451, '2026-01-10', 'Ativo', 201, 5),
(452, '2026-01-10', 'Ativo', 202, 5),
(453, '2026-01-10', 'Ativo', 203, 5),
(454, '2026-01-10', 'Ativo', 204, 5),
(455, '2026-01-10', 'Ativo', 205, 5),
(456, '2026-01-10', 'Ativo', 206, 5),
(457, '2026-01-10', 'Ativo', 207, 5),
(458, '2026-01-10', 'Ativo', 208, 5),
(459, '2026-01-10', 'Ativo', 209, 5),
(460, '2026-01-10', 'Ativo', 210, 5),
(461, '2026-01-10', 'Ativo', 211, 5),
(462, '2026-01-10', 'Ativo', 212, 5),
(463, '2026-01-10', 'Ativo', 213, 5),
(464, '2026-01-10', 'Ativo', 214, 5),
(465, '2026-01-10', 'Ativo', 215, 5),
(466, '2026-01-10', 'Ativo', 216, 5),
(467, '2026-01-10', 'Ativo', 217, 5),
(468, '2026-01-10', 'Ativo', 218, 5),
(469, '2026-01-10', 'Ativo', 219, 5),
(470, '2026-01-10', 'Ativo', 220, 5),
(471, '2026-01-10', 'Ativo', 221, 5),
(472, '2026-01-10', 'Ativo', 222, 5),
(473, '2026-01-10', 'Ativo', 223, 5),
(474, '2026-01-10', 'Ativo', 224, 5),
(475, '2026-01-10', 'Ativo', 225, 5),
(476, '2026-01-10', 'Ativo', 226, 5),
(477, '2026-01-10', 'Ativo', 227, 5),
(478, '2026-01-10', 'Ativo', 228, 5),
(479, '2026-01-10', 'Ativo', 229, 5),
(480, '2026-01-10', 'Ativo', 230, 5),
(481, '2026-01-10', 'Ativo', 231, 5),
(482, '2026-01-10', 'Ativo', 232, 5),
(483, '2026-01-10', 'Ativo', 233, 5),
(484, '2026-01-10', 'Ativo', 234, 5),
(485, '2026-01-10', 'Ativo', 235, 5),
(486, '2026-01-10', 'Ativo', 236, 5),
(487, '2026-01-10', 'Ativo', 237, 5),
(488, '2026-01-10', 'Ativo', 238, 5),
(489, '2026-01-10', 'Ativo', 239, 5),
(490, '2026-01-10', 'Ativo', 240, 5),
(491, '2026-01-10', 'Ativo', 241, 5),
(492, '2026-01-10', 'Ativo', 242, 5),
(493, '2026-01-10', 'Ativo', 243, 5),
(494, '2026-01-10', 'Ativo', 244, 5),
(495, '2026-01-10', 'Ativo', 245, 5),
(496, '2026-01-10', 'Ativo', 246, 5),
(497, '2026-01-10', 'Ativo', 247, 5),
(498, '2026-01-10', 'Ativo', 248, 5),
(499, '2026-01-10', 'Ativo', 249, 5),
(500, '2026-01-10', 'Ativo', 250, 5);

-- --------------------------------------------------------

--
-- Estrutura para tabela `professores`
--

CREATE TABLE `professores` (
  `id_professores` int(11) NOT NULL,
  `nome` varchar(120) DEFAULT NULL,
  `cpf` char(11) DEFAULT NULL,
  `formacao` varchar(120) DEFAULT NULL,
  `email` varchar(120) DEFAULT NULL,
  `telefone` char(14) DEFAULT NULL
) ENGINE=InnoDB DEFAULT CHARSET=utf8mb4 COLLATE=utf8mb4_general_ci;

--
-- Despejando dados para a tabela `professores`
--

INSERT INTO `professores` (`id_professores`, `nome`, `cpf`, `formacao`, `email`, `telefone`) VALUES
(1, 'Carlos Silva', '11111111111', 'Licenciatura Matemática', 'carlos@escola.com', '11900000001'),
(2, 'Ana Souza', '11111111112', 'Letras', 'ana@escola.com', '11900000002'),
(3, 'Bruno Lima', '11111111113', 'História', 'bruno@escola.com', '11900000003'),
(4, 'Mariana Alves', '11111111114', 'Geografia', 'mariana@escola.com', '11900000004'),
(5, 'Rafael Costa', '11111111115', 'Biologia', 'rafael@escola.com', '11900000005'),
(6, 'Juliana Rocha', '11111111116', 'Física', 'juliana@escola.com', '11900000006'),
(7, 'Pedro Martins', '11111111117', 'Química', 'pedro@escola.com', '11900000007'),
(8, 'Fernanda Lima', '11111111118', 'Inglês', 'fernanda@escola.com', '11900000008'),
(9, 'Lucas Pereira', '11111111119', 'Educação Física', 'lucas@escola.com', '11900000009'),
(10, 'Patricia Gomes', '11111111120', 'Filosofia', 'patricia@escola.com', '11900000010'),
(11, 'Thiago Mendes', '11111111121', 'Sociologia', 'thiago@escola.com', '11900000011'),
(12, 'Camila Barros', '11111111122', 'Redação', 'camila@escola.com', '11900000012'),
(13, 'Roberto Dias', '11111111123', 'Informática', 'roberto@escola.com', '11900000013'),
(14, 'Beatriz Nunes', '11111111124', 'Banco de Dados', 'beatriz@escola.com', '11900000014'),
(15, 'Felipe Santos', '11111111125', 'Redes', 'felipe@escola.com', '11900000015'),
(16, 'Larissa Freitas', '11111111126', 'Programação', 'larissa@escola.com', '11900000016'),
(17, 'Gustavo Teixeira', '11111111127', 'Administração', 'gustavo@escola.com', '11900000017'),
(18, 'Amanda Ribeiro', '11111111128', 'Contabilidade', 'amanda@escola.com', '11900000018'),
(19, 'Daniel Oliveira', '11111111129', 'Marketing', 'daniel@escola.com', '11900000019'),
(20, 'Vanessa Araujo', '11111111130', 'Gestão', 'vanessa@escola.com', '11900000020');

-- --------------------------------------------------------

--
-- Estrutura para tabela `responsaveis`
--

CREATE TABLE `responsaveis` (
  `id_responsaveis` int(11) NOT NULL,
  `nome` varchar(120) DEFAULT NULL,
  `cpf` char(11) DEFAULT NULL,
  `telefone` char(14) DEFAULT NULL,
  `parentesco` varchar(120) DEFAULT NULL
) ENGINE=InnoDB DEFAULT CHARSET=utf8mb4 COLLATE=utf8mb4_general_ci;

--
-- Despejando dados para a tabela `responsaveis`
--

INSERT INTO `responsaveis` (`id_responsaveis`, `nome`, `cpf`, `telefone`, `parentesco`) VALUES
(1, 'Jbicalho', '10000000001', '11980000001', 'Responsável'),
(2, 'Aluno 2', '10000000002', '11980000002', 'Responsável'),
(3, 'Aluno 3', '10000000003', '11980000003', 'Responsável'),
(4, 'Aluno 4', '10000000004', '11980000004', 'Responsável'),
(5, 'Aluno 5', '10000000005', '11980000005', 'Responsável'),
(6, 'Aluno 6', '10000000006', '11980000006', 'Responsável'),
(7, 'Aluno 7', '10000000007', '11980000007', 'Responsável'),
(8, 'Aluno 8', '10000000008', '11980000008', 'Responsável'),
(9, 'Aluno 9', '10000000009', '11980000009', 'Responsável'),
(10, 'Aluno 10', '10000000010', '11980000010', 'Responsável'),
(11, 'Aluno 11', '10000000011', '11980000011', 'Responsável'),
(12, 'Aluno 12', '10000000012', '11980000012', 'Responsável'),
(13, 'Aluno 13', '10000000013', '11980000013', 'Responsável'),
(14, 'Aluno 14', '10000000014', '11980000014', 'Responsável'),
(15, 'Aluno 15', '10000000015', '11980000015', 'Responsável'),
(16, 'Aluno 16', '10000000016', '11980000016', 'Responsável'),
(17, 'Aluno 17', '10000000017', '11980000017', 'Responsável'),
(18, 'Aluno 18', '10000000018', '11980000018', 'Responsável'),
(19, 'Aluno 19', '10000000019', '11980000019', 'Responsável'),
(20, 'Aluno 20', '10000000020', '11980000020', 'Responsável'),
(21, 'Aluno 21', '10000000021', '11980000021', 'Responsável'),
(22, 'Aluno 22', '10000000022', '11980000022', 'Responsável'),
(23, 'Aluno 23', '10000000023', '11980000023', 'Responsável'),
(24, 'Aluno 24', '10000000024', '11980000024', 'Responsável'),
(25, 'Aluno 25', '10000000025', '11980000025', 'Responsável'),
(26, 'Aluno 26', '10000000026', '11980000026', 'Responsável'),
(27, 'Aluno 27', '10000000027', '11980000027', 'Responsável'),
(28, 'Aluno 28', '10000000028', '11980000028', 'Responsável'),
(29, 'Aluno 29', '10000000029', '11980000029', 'Responsável'),
(30, 'Aluno 30', '10000000030', '11980000030', 'Responsável'),
(31, 'Aluno 31', '10000000031', '11980000031', 'Responsável'),
(32, 'Aluno 32', '10000000032', '11980000032', 'Responsável'),
(33, 'Aluno 33', '10000000033', '11980000033', 'Responsável'),
(34, 'Aluno 34', '10000000034', '11980000034', 'Responsável'),
(35, 'Aluno 35', '10000000035', '11980000035', 'Responsável'),
(36, 'Aluno 36', '10000000036', '11980000036', 'Responsável'),
(37, 'Aluno 37', '10000000037', '11980000037', 'Responsável'),
(38, 'Aluno 38', '10000000038', '11980000038', 'Responsável'),
(39, 'Aluno 39', '10000000039', '11980000039', 'Responsável'),
(40, 'Aluno 40', '10000000040', '11980000040', 'Responsável'),
(41, 'Aluno 41', '10000000041', '11980000041', 'Responsável'),
(42, 'Aluno 42', '10000000042', '11980000042', 'Responsável'),
(43, 'Aluno 43', '10000000043', '11980000043', 'Responsável'),
(44, 'Aluno 44', '10000000044', '11980000044', 'Responsável'),
(45, 'Aluno 45', '10000000045', '11980000045', 'Responsável'),
(46, 'Aluno 46', '10000000046', '11980000046', 'Responsável'),
(47, 'Aluno 47', '10000000047', '11980000047', 'Responsável'),
(48, 'Aluno 48', '10000000048', '11980000048', 'Responsável'),
(49, 'Aluno 49', '10000000049', '11980000049', 'Responsável'),
(50, 'Aluno 50', '10000000050', '11980000050', 'Responsável'),
(51, 'Aluno 51', '10000000051', '11980000051', 'Responsável'),
(52, 'Aluno 52', '10000000052', '11980000052', 'Responsável'),
(53, 'Aluno 53', '10000000053', '11980000053', 'Responsável'),
(54, 'Aluno 54', '10000000054', '11980000054', 'Responsável'),
(55, 'Aluno 55', '10000000055', '11980000055', 'Responsável'),
(56, 'Aluno 56', '10000000056', '11980000056', 'Responsável'),
(57, 'Aluno 57', '10000000057', '11980000057', 'Responsável'),
(58, 'Aluno 58', '10000000058', '11980000058', 'Responsável'),
(59, 'Aluno 59', '10000000059', '11980000059', 'Responsável'),
(60, 'Aluno 60', '10000000060', '11980000060', 'Responsável'),
(61, 'Aluno 61', '10000000061', '11980000061', 'Responsável'),
(62, 'Aluno 62', '10000000062', '11980000062', 'Responsável'),
(63, 'Aluno 63', '10000000063', '11980000063', 'Responsável'),
(64, 'Aluno 64', '10000000064', '11980000064', 'Responsável'),
(65, 'Aluno 65', '10000000065', '11980000065', 'Responsável'),
(66, 'Aluno 66', '10000000066', '11980000066', 'Responsável'),
(67, 'Aluno 67', '10000000067', '11980000067', 'Responsável'),
(68, 'Aluno 68', '10000000068', '11980000068', 'Responsável'),
(69, 'Aluno 69', '10000000069', '11980000069', 'Responsável'),
(70, 'Aluno 70', '10000000070', '11980000070', 'Responsável'),
(71, 'Aluno 71', '10000000071', '11980000071', 'Responsável'),
(72, 'Aluno 72', '10000000072', '11980000072', 'Responsável'),
(73, 'Aluno 73', '10000000073', '11980000073', 'Responsável'),
(74, 'Aluno 74', '10000000074', '11980000074', 'Responsável'),
(75, 'Aluno 75', '10000000075', '11980000075', 'Responsável'),
(76, 'Aluno 76', '10000000076', '11980000076', 'Responsável'),
(77, 'Aluno 77', '10000000077', '11980000077', 'Responsável'),
(78, 'Aluno 78', '10000000078', '11980000078', 'Responsável'),
(79, 'Aluno 79', '10000000079', '11980000079', 'Responsável'),
(80, 'Aluno 80', '10000000080', '11980000080', 'Responsável'),
(81, 'Aluno 81', '10000000081', '11980000081', 'Responsável'),
(82, 'Aluno 82', '10000000082', '11980000082', 'Responsável'),
(83, 'Aluno 83', '10000000083', '11980000083', 'Responsável'),
(84, 'Aluno 84', '10000000084', '11980000084', 'Responsável'),
(85, 'Aluno 85', '10000000085', '11980000085', 'Responsável'),
(86, 'Aluno 86', '10000000086', '11980000086', 'Responsável'),
(87, 'Aluno 87', '10000000087', '11980000087', 'Responsável'),
(88, 'Aluno 88', '10000000088', '11980000088', 'Responsável'),
(89, 'Aluno 89', '10000000089', '11980000089', 'Responsável'),
(90, 'Aluno 90', '10000000090', '11980000090', 'Responsável'),
(91, 'Aluno 91', '10000000091', '11980000091', 'Responsável'),
(92, 'Aluno 92', '10000000092', '11980000092', 'Responsável'),
(93, 'Aluno 93', '10000000093', '11980000093', 'Responsável'),
(94, 'Aluno 94', '10000000094', '11980000094', 'Responsável'),
(95, 'Aluno 95', '10000000095', '11980000095', 'Responsável'),
(96, 'Aluno 96', '10000000096', '11980000096', 'Responsável'),
(97, 'Aluno 97', '10000000097', '11980000097', 'Responsável'),
(98, 'Aluno 98', '10000000098', '11980000098', 'Responsável'),
(99, 'Aluno 99', '10000000099', '11980000099', 'Responsável'),
(100, 'Aluno 100', '10000000100', '11980000100', 'Responsável'),
(101, 'Aluno 101', '10000000101', '11980000101', 'Responsável'),
(102, 'Aluno 102', '10000000102', '11980000102', 'Responsável'),
(103, 'Aluno 103', '10000000103', '11980000103', 'Responsável'),
(104, 'Aluno 104', '10000000104', '11980000104', 'Responsável'),
(105, 'Aluno 105', '10000000105', '11980000105', 'Responsável'),
(106, 'Aluno 106', '10000000106', '11980000106', 'Responsável'),
(107, 'Aluno 107', '10000000107', '11980000107', 'Responsável'),
(108, 'Aluno 108', '10000000108', '11980000108', 'Responsável'),
(109, 'Aluno 109', '10000000109', '11980000109', 'Responsável'),
(110, 'Aluno 110', '10000000110', '11980000110', 'Responsável'),
(111, 'Aluno 111', '10000000111', '11980000111', 'Responsável'),
(112, 'Aluno 112', '10000000112', '11980000112', 'Responsável'),
(113, 'Aluno 113', '10000000113', '11980000113', 'Responsável'),
(114, 'Aluno 114', '10000000114', '11980000114', 'Responsável'),
(115, 'Aluno 115', '10000000115', '11980000115', 'Responsável'),
(116, 'Aluno 116', '10000000116', '11980000116', 'Responsável'),
(117, 'Aluno 117', '10000000117', '11980000117', 'Responsável'),
(118, 'Aluno 118', '10000000118', '11980000118', 'Responsável'),
(119, 'Aluno 119', '10000000119', '11980000119', 'Responsável'),
(120, 'Aluno 120', '10000000120', '11980000120', 'Responsável'),
(121, 'Aluno 121', '10000000121', '11980000121', 'Responsável'),
(122, 'Aluno 122', '10000000122', '11980000122', 'Responsável'),
(123, 'Aluno 123', '10000000123', '11980000123', 'Responsável'),
(124, 'Aluno 124', '10000000124', '11980000124', 'Responsável'),
(125, 'Aluno 125', '10000000125', '11980000125', 'Responsável'),
(126, 'Aluno 126', '10000000126', '11980000126', 'Responsável'),
(127, 'Aluno 127', '10000000127', '11980000127', 'Responsável'),
(128, 'Aluno 128', '10000000128', '11980000128', 'Responsável'),
(129, 'Aluno 129', '10000000129', '11980000129', 'Responsável'),
(130, 'Aluno 130', '10000000130', '11980000130', 'Responsável'),
(131, 'Aluno 131', '10000000131', '11980000131', 'Responsável'),
(132, 'Aluno 132', '10000000132', '11980000132', 'Responsável'),
(133, 'Aluno 133', '10000000133', '11980000133', 'Responsável'),
(134, 'Aluno 134', '10000000134', '11980000134', 'Responsável'),
(135, 'Aluno 135', '10000000135', '11980000135', 'Responsável'),
(136, 'Aluno 136', '10000000136', '11980000136', 'Responsável'),
(137, 'Aluno 137', '10000000137', '11980000137', 'Responsável'),
(138, 'Aluno 138', '10000000138', '11980000138', 'Responsável'),
(139, 'Aluno 139', '10000000139', '11980000139', 'Responsável'),
(140, 'Aluno 140', '10000000140', '11980000140', 'Responsável'),
(141, 'Aluno 141', '10000000141', '11980000141', 'Responsável'),
(142, 'Aluno 142', '10000000142', '11980000142', 'Responsável'),
(143, 'Aluno 143', '10000000143', '11980000143', 'Responsável'),
(144, 'Aluno 144', '10000000144', '11980000144', 'Responsável'),
(145, 'Aluno 145', '10000000145', '11980000145', 'Responsável'),
(146, 'Aluno 146', '10000000146', '11980000146', 'Responsável'),
(147, 'Aluno 147', '10000000147', '11980000147', 'Responsável'),
(148, 'Aluno 148', '10000000148', '11980000148', 'Responsável'),
(149, 'Aluno 149', '10000000149', '11980000149', 'Responsável'),
(150, 'Aluno 150', '10000000150', '11980000150', 'Responsável'),
(151, 'Aluno 151', '10000000151', '11980000151', 'Responsável'),
(152, 'Aluno 152', '10000000152', '11980000152', 'Responsável'),
(153, 'Aluno 153', '10000000153', '11980000153', 'Responsável'),
(154, 'Aluno 154', '10000000154', '11980000154', 'Responsável'),
(155, 'Aluno 155', '10000000155', '11980000155', 'Responsável'),
(156, 'Aluno 156', '10000000156', '11980000156', 'Responsável'),
(157, 'Aluno 157', '10000000157', '11980000157', 'Responsável'),
(158, 'Aluno 158', '10000000158', '11980000158', 'Responsável'),
(159, 'Aluno 159', '10000000159', '11980000159', 'Responsável'),
(160, 'Aluno 160', '10000000160', '11980000160', 'Responsável'),
(161, 'Aluno 161', '10000000161', '11980000161', 'Responsável'),
(162, 'Aluno 162', '10000000162', '11980000162', 'Responsável'),
(163, 'Aluno 163', '10000000163', '11980000163', 'Responsável'),
(164, 'Aluno 164', '10000000164', '11980000164', 'Responsável'),
(165, 'Aluno 165', '10000000165', '11980000165', 'Responsável'),
(166, 'Aluno 166', '10000000166', '11980000166', 'Responsável'),
(167, 'Aluno 167', '10000000167', '11980000167', 'Responsável'),
(168, 'Aluno 168', '10000000168', '11980000168', 'Responsável'),
(169, 'Aluno 169', '10000000169', '11980000169', 'Responsável'),
(170, 'Aluno 170', '10000000170', '11980000170', 'Responsável'),
(171, 'Aluno 171', '10000000171', '11980000171', 'Responsável'),
(172, 'Aluno 172', '10000000172', '11980000172', 'Responsável'),
(173, 'Aluno 173', '10000000173', '11980000173', 'Responsável'),
(174, 'Aluno 174', '10000000174', '11980000174', 'Responsável'),
(175, 'Aluno 175', '10000000175', '11980000175', 'Responsável'),
(176, 'Aluno 176', '10000000176', '11980000176', 'Responsável'),
(177, 'Aluno 177', '10000000177', '11980000177', 'Responsável'),
(178, 'Aluno 178', '10000000178', '11980000178', 'Responsável'),
(179, 'Aluno 179', '10000000179', '11980000179', 'Responsável'),
(180, 'Aluno 180', '10000000180', '11980000180', 'Responsável'),
(181, 'Aluno 181', '10000000181', '11980000181', 'Responsável'),
(182, 'Aluno 182', '10000000182', '11980000182', 'Responsável'),
(183, 'Aluno 183', '10000000183', '11980000183', 'Responsável'),
(184, 'Aluno 184', '10000000184', '11980000184', 'Responsável'),
(185, 'Aluno 185', '10000000185', '11980000185', 'Responsável'),
(186, 'Aluno 186', '10000000186', '11980000186', 'Responsável'),
(187, 'Aluno 187', '10000000187', '11980000187', 'Responsável'),
(188, 'Aluno 188', '10000000188', '11980000188', 'Responsável'),
(189, 'Aluno 189', '10000000189', '11980000189', 'Responsável'),
(190, 'Aluno 190', '10000000190', '11980000190', 'Responsável'),
(191, 'Aluno 191', '10000000191', '11980000191', 'Responsável'),
(192, 'Aluno 192', '10000000192', '11980000192', 'Responsável'),
(193, 'Aluno 193', '10000000193', '11980000193', 'Responsável'),
(194, 'Aluno 194', '10000000194', '11980000194', 'Responsável'),
(195, 'Aluno 195', '10000000195', '11980000195', 'Responsável'),
(196, 'Aluno 196', '10000000196', '11980000196', 'Responsável'),
(197, 'Aluno 197', '10000000197', '11980000197', 'Responsável'),
(198, 'Aluno 198', '10000000198', '11980000198', 'Responsável'),
(199, 'Aluno 199', '10000000199', '11980000199', 'Responsável'),
(200, 'Aluno 200', '10000000200', '11980000200', 'Responsável'),
(201, 'Aluno 201', '10000000201', '11980000201', 'Responsável'),
(202, 'Aluno 202', '10000000202', '11980000202', 'Responsável'),
(203, 'Aluno 203', '10000000203', '11980000203', 'Responsável'),
(204, 'Aluno 204', '10000000204', '11980000204', 'Responsável'),
(205, 'Aluno 205', '10000000205', '11980000205', 'Responsável'),
(206, 'Aluno 206', '10000000206', '11980000206', 'Responsável'),
(207, 'Aluno 207', '10000000207', '11980000207', 'Responsável'),
(208, 'Aluno 208', '10000000208', '11980000208', 'Responsável'),
(209, 'Aluno 209', '10000000209', '11980000209', 'Responsável'),
(210, 'Aluno 210', '10000000210', '11980000210', 'Responsável'),
(211, 'Aluno 211', '10000000211', '11980000211', 'Responsável'),
(212, 'Aluno 212', '10000000212', '11980000212', 'Responsável'),
(213, 'Aluno 213', '10000000213', '11980000213', 'Responsável'),
(214, 'Aluno 214', '10000000214', '11980000214', 'Responsável'),
(215, 'Aluno 215', '10000000215', '11980000215', 'Responsável'),
(216, 'Aluno 216', '10000000216', '11980000216', 'Responsável'),
(217, 'Aluno 217', '10000000217', '11980000217', 'Responsável'),
(218, 'Aluno 218', '10000000218', '11980000218', 'Responsável'),
(219, 'Aluno 219', '10000000219', '11980000219', 'Responsável'),
(220, 'Aluno 220', '10000000220', '11980000220', 'Responsável'),
(221, 'Aluno 221', '10000000221', '11980000221', 'Responsável'),
(222, 'Aluno 222', '10000000222', '11980000222', 'Responsável'),
(223, 'Aluno 223', '10000000223', '11980000223', 'Responsável'),
(224, 'Aluno 224', '10000000224', '11980000224', 'Responsável'),
(225, 'Aluno 225', '10000000225', '11980000225', 'Responsável'),
(226, 'Aluno 226', '10000000226', '11980000226', 'Responsável'),
(227, 'Aluno 227', '10000000227', '11980000227', 'Responsável'),
(228, 'Aluno 228', '10000000228', '11980000228', 'Responsável'),
(229, 'Aluno 229', '10000000229', '11980000229', 'Responsável'),
(230, 'Aluno 230', '10000000230', '11980000230', 'Responsável'),
(231, 'Aluno 231', '10000000231', '11980000231', 'Responsável'),
(232, 'Aluno 232', '10000000232', '11980000232', 'Responsável'),
(233, 'Aluno 233', '10000000233', '11980000233', 'Responsável'),
(234, 'Aluno 234', '10000000234', '11980000234', 'Responsável'),
(235, 'Aluno 235', '10000000235', '11980000235', 'Responsável'),
(236, 'Aluno 236', '10000000236', '11980000236', 'Responsável'),
(237, 'Aluno 237', '10000000237', '11980000237', 'Responsável'),
(238, 'Aluno 238', '10000000238', '11980000238', 'Responsável'),
(239, 'Aluno 239', '10000000239', '11980000239', 'Responsável'),
(240, 'Aluno 240', '10000000240', '11980000240', 'Responsável'),
(241, 'Aluno 241', '10000000241', '11980000241', 'Responsável'),
(242, 'Aluno 242', '10000000242', '11980000242', 'Responsável'),
(243, 'Aluno 243', '10000000243', '11980000243', 'Responsável'),
(244, 'Aluno 244', '10000000244', '11980000244', 'Responsável'),
(245, 'Aluno 245', '10000000245', '11980000245', 'Responsável'),
(246, 'Aluno 246', '10000000246', '11980000246', 'Responsável'),
(247, 'Aluno 247', '10000000247', '11980000247', 'Responsável'),
(248, 'Aluno 248', '10000000248', '11980000248', 'Responsável'),
(249, 'Aluno 249', '10000000249', '11980000249', 'Responsável'),
(250, 'Aluno 250', '10000000250', '11980000250', 'Responsável');

-- --------------------------------------------------------

--
-- Estrutura para tabela `turmas`
--

CREATE TABLE `turmas` (
  `id_turmas` int(11) NOT NULL,
  `ano_letivo` year(4) DEFAULT NULL,
  `turnos` varchar(120) DEFAULT NULL,
  `salas` varchar(120) DEFAULT NULL,
  `id_curso` int(11) DEFAULT NULL
) ENGINE=InnoDB DEFAULT CHARSET=utf8mb4 COLLATE=utf8mb4_general_ci;

--
-- Despejando dados para a tabela `turmas`
--

INSERT INTO `turmas` (`id_turmas`, `ano_letivo`, `turnos`, `salas`, `id_curso`) VALUES
(1, '2026', 'Manhã', 'Sala 101', 1),
(2, '2026', 'Tarde', 'Sala 102', 2),
(3, '2026', 'Manhã', 'Sala 103', 3),
(4, '2026', 'Tarde', 'Sala 104', 4),
(5, '2026', 'Noite', 'Sala 105', 5);

--
-- Índices para tabelas despejadas
--

--
-- Índices de tabela `alunos`
--
ALTER TABLE `alunos`
  ADD PRIMARY KEY (`id_alunos`),
  ADD UNIQUE KEY `cpf` (`cpf`);

--
-- Índices de tabela `avaliacoes`
--
ALTER TABLE `avaliacoes`
  ADD PRIMARY KEY (`id_avaliacoes`),
  ADD KEY `id_disciplinas` (`id_disciplinas`);

--
-- Índices de tabela `boletins`
--
ALTER TABLE `boletins`
  ADD PRIMARY KEY (`id_boletins`),
  ADD KEY `id_matriculas` (`id_matriculas`),
  ADD KEY `id_avaliacoes` (`id_avaliacoes`);

--
-- Índices de tabela `coordenadores`
--
ALTER TABLE `coordenadores`
  ADD PRIMARY KEY (`id_coordenadores`),
  ADD UNIQUE KEY `cpf` (`cpf`);

--
-- Índices de tabela `cursos`
--
ALTER TABLE `cursos`
  ADD PRIMARY KEY (`id_cursos`),
  ADD KEY `id_coordenadores` (`id_coordenadores`);

--
-- Índices de tabela `disciplinas`
--
ALTER TABLE `disciplinas`
  ADD PRIMARY KEY (`id_disciplinas`),
  ADD KEY `id_cursos` (`id_cursos`),
  ADD KEY `id_professores` (`id_professores`);

--
-- Índices de tabela `endereco`
--
ALTER TABLE `endereco`
  ADD PRIMARY KEY (`id_endereco`),
  ADD KEY `id_alunos` (`id_alunos`);

--
-- Índices de tabela `matriculas`
--
ALTER TABLE `matriculas`
  ADD PRIMARY KEY (`id_matriculas`),
  ADD KEY `id_aluno` (`id_aluno`),
  ADD KEY `id_turma` (`id_turma`);

--
-- Índices de tabela `professores`
--
ALTER TABLE `professores`
  ADD PRIMARY KEY (`id_professores`),
  ADD UNIQUE KEY `cpf` (`cpf`);

--
-- Índices de tabela `responsaveis`
--
ALTER TABLE `responsaveis`
  ADD PRIMARY KEY (`id_responsaveis`),
  ADD UNIQUE KEY `cpf` (`cpf`);

--
-- Índices de tabela `turmas`
--
ALTER TABLE `turmas`
  ADD PRIMARY KEY (`id_turmas`),
  ADD KEY `id_curso` (`id_curso`);

--
-- AUTO_INCREMENT para tabelas despejadas
--

--
-- AUTO_INCREMENT de tabela `alunos`
--
ALTER TABLE `alunos`
  MODIFY `id_alunos` int(11) NOT NULL AUTO_INCREMENT, AUTO_INCREMENT=251;

--
-- AUTO_INCREMENT de tabela `avaliacoes`
--
ALTER TABLE `avaliacoes`
  MODIFY `id_avaliacoes` int(11) NOT NULL AUTO_INCREMENT, AUTO_INCREMENT=201;

--
-- AUTO_INCREMENT de tabela `boletins`
--
ALTER TABLE `boletins`
  MODIFY `id_boletins` int(11) NOT NULL AUTO_INCREMENT, AUTO_INCREMENT=2001;

--
-- AUTO_INCREMENT de tabela `coordenadores`
--
ALTER TABLE `coordenadores`
  MODIFY `id_coordenadores` int(11) NOT NULL AUTO_INCREMENT, AUTO_INCREMENT=6;

--
-- AUTO_INCREMENT de tabela `cursos`
--
ALTER TABLE `cursos`
  MODIFY `id_cursos` int(11) NOT NULL AUTO_INCREMENT, AUTO_INCREMENT=6;

--
-- AUTO_INCREMENT de tabela `disciplinas`
--
ALTER TABLE `disciplinas`
  MODIFY `id_disciplinas` int(11) NOT NULL AUTO_INCREMENT, AUTO_INCREMENT=51;

--
-- AUTO_INCREMENT de tabela `endereco`
--
ALTER TABLE `endereco`
  MODIFY `id_endereco` int(11) NOT NULL AUTO_INCREMENT, AUTO_INCREMENT=251;

--
-- AUTO_INCREMENT de tabela `matriculas`
--
ALTER TABLE `matriculas`
  MODIFY `id_matriculas` int(11) NOT NULL AUTO_INCREMENT, AUTO_INCREMENT=501;

--
-- AUTO_INCREMENT de tabela `professores`
--
ALTER TABLE `professores`
  MODIFY `id_professores` int(11) NOT NULL AUTO_INCREMENT, AUTO_INCREMENT=21;

--
-- AUTO_INCREMENT de tabela `responsaveis`
--
ALTER TABLE `responsaveis`
  MODIFY `id_responsaveis` int(11) NOT NULL AUTO_INCREMENT, AUTO_INCREMENT=251;

--
-- AUTO_INCREMENT de tabela `turmas`
--
ALTER TABLE `turmas`
  MODIFY `id_turmas` int(11) NOT NULL AUTO_INCREMENT, AUTO_INCREMENT=6;

--
-- Restrições para tabelas despejadas
--

--
-- Restrições para tabelas `avaliacoes`
--
ALTER TABLE `avaliacoes`
  ADD CONSTRAINT `avaliacoes_ibfk_1` FOREIGN KEY (`id_disciplinas`) REFERENCES `disciplinas` (`id_disciplinas`);

--
-- Restrições para tabelas `boletins`
--
ALTER TABLE `boletins`
  ADD CONSTRAINT `boletins_ibfk_1` FOREIGN KEY (`id_matriculas`) REFERENCES `matriculas` (`id_matriculas`),
  ADD CONSTRAINT `boletins_ibfk_2` FOREIGN KEY (`id_avaliacoes`) REFERENCES `avaliacoes` (`id_avaliacoes`);

--
-- Restrições para tabelas `cursos`
--
ALTER TABLE `cursos`
  ADD CONSTRAINT `cursos_ibfk_1` FOREIGN KEY (`id_coordenadores`) REFERENCES `coordenadores` (`id_coordenadores`);

--
-- Restrições para tabelas `disciplinas`
--
ALTER TABLE `disciplinas`
  ADD CONSTRAINT `disciplinas_ibfk_1` FOREIGN KEY (`id_cursos`) REFERENCES `cursos` (`id_cursos`),
  ADD CONSTRAINT `disciplinas_ibfk_2` FOREIGN KEY (`id_professores`) REFERENCES `professores` (`id_professores`);

--
-- Restrições para tabelas `endereco`
--
ALTER TABLE `endereco`
  ADD CONSTRAINT `endereco_ibfk_1` FOREIGN KEY (`id_alunos`) REFERENCES `alunos` (`id_alunos`);

--
-- Restrições para tabelas `matriculas`
--
ALTER TABLE `matriculas`
  ADD CONSTRAINT `matriculas_ibfk_1` FOREIGN KEY (`id_aluno`) REFERENCES `alunos` (`id_alunos`),
  ADD CONSTRAINT `matriculas_ibfk_2` FOREIGN KEY (`id_turma`) REFERENCES `turmas` (`id_turmas`);

--
-- Restrições para tabelas `turmas`
--
ALTER TABLE `turmas`
  ADD CONSTRAINT `turmas_ibfk_1` FOREIGN KEY (`id_curso`) REFERENCES `cursos` (`id_cursos`);
COMMIT;

/*!40101 SET CHARACTER_SET_CLIENT=@OLD_CHARACTER_SET_CLIENT */;
/*!40101 SET CHARACTER_SET_RESULTS=@OLD_CHARACTER_SET_RESULTS */;
/*!40101 SET COLLATION_CONNECTION=@OLD_COLLATION_CONNECTION */;
